0xc09752d7Aa32dB555d0b9e794dD385BB9BE2E70E,2529.6158
0x95aD61163DF93f0240b491f15f5eF1648768cBEd,2529.6158
0x570bc65DDA61aA26b14E8cb44ec6236262884EbD,5122.472
0x719bA0cE69c17b19CA3395B9f2Cf5c945Df3ac55,3414.9813
0x23C48EB7Bbc804fA406D2791c9FA24559139d12c,3414.9813
0xc13456A34305e9265E907F70f76B1BA6E2055c8B,35414.6212
0x5BeB7EE6FD70906E17883aF6c66Cc481DB9E5916,3414.9813
0xac38a4065cCb6D031B5320e5b844059AA6DBC31D,17707.3106
0x6Aa6b7FeD4982c4F8F85Bd6d8B2478F0F220dE44,3414.9813
0x6b7Aa5D572fbCB67252165Def631305E00C49f7b,2529.6158
0x5c17AbE861476E919cD1dcBd321C0F170d21934E,2529.6158
0x8431315e0c4236841594842BC8425f0073044667,3794.4237
0x7770D8bd3141c6BFf536f4295aa22B0ddeC7F13b,3414.9813
0x929CB4b2501350dA5a33FDA2F6Fd9C818da65116,5122.472
0x0b5694D0654452F412eC4bb4845765521FfAb94b,2529.6158
0x6cC9fB37eD9CC2167AA8dAC90cf344b531F8f104,2529.6158
0x622685a1077Ef27Dfc6392235d764533568f3448,5122.472
0x32bA98805dd9fAD1691e5bf82B92A0B3927A3185,7588.8474
0x48D6A54Dc03C4b39bF8dA058ec3067f3aF74d208,35414.6212
0xEbF7544017277c154BC871382458adE21CfC4b51,17707.3106
0x33f321B94b47704D38d0D3D0BaB1953f70aDe243,3794.4237
0x00cC7071fdB018A224A6c3313BCdf23548E6B72f,17707.3106
0xD190730DeC3B38bd594018eB52754Be0b8FE9d75,2529.6158
0x1FB43C036c127e2a993af155EC09B76e117fa5c1,23904.8693
0xdB1F2876b8E1E1d44e3e84e83f3fadb2327bF465,2631.55
0xf5c67F89DCDFcebAF7c623499576f4b8b8Be9A04,3794.4237
0x7e7d61cC02B37Ba02a1892DC8607E3Bc9bF2795C,2529.6158
0x329f1E37920014b4F9C7E185f7405aD997675180,3794.4237
0xf50D262a10F4904C2620B0C11E9a5Cd5708C9179,2529.6158
0x60EAb44D0bB6E7E5128C3d528Ef9d0f8577DA6BB,2529.6158
0x4De6D6674B5C25Ba514cBFc0558DB20a32aE7e18,2529.6158
0x36a3b741732444C596627358A68DAc377A9e0001,2529.6158
0x09C060927Ef69aE06627aa95543703E0c86EFcB7,2529.6158
0xe736ED028764c5f4348A6989502B1F4e927Bf235,7588.8474
0xdE694b3D3DDC92914F87c8618B067a6306BAcEDA,2529.6158
0x2a6d2A05E4D81FefF59EaF028E63C31590430B67,2529.6158
0xA861361213844daF604647D7Dee5B494B1843EB5,17707.3106
0x7512657BC0ff46A1F391594Aec2F143318Bc7BF5,2529.6158
0xF3CD3c07DFBA501e801a478189351b17B4F8dBCb,3414.9813
0x5Fc292F55019C91E95993efE4a26f0312959938A,2631.55
0xd38ac318aa5821a99B1FE1E6f0A6b5E8FE2941a7,7588.8474
0x69244eCC925c8DD2A7090B8688DDf5337279A8C0,2529.6158
0x9fa97af8bCC4CeEC9e97F71D212c883736238A42,3794.4237
0xbaa2e5D925f895Dc17B437Ab18dd78428fE8fb0f,2529.6158
0x8613AA99ec12Af843cb25193D389d6CFAf64f687,2529.6158
0xc9ae19Be2b67E46c9D09293a00514cD02726BaFE,35414.6212
0x765cbEeB41B2f8566d66dd24De09a5fA568Eaad8,23904.8693
0xb4a362AE28dc5D729E6AcC39Ab526421a42A0317,7588.8474
0xa05d6DBFf9B774911EACE4ff9b857b69e57C6b40,2529.6158
0x82b4e30E87cA494871b8916cB8c79192D69b881B,2529.6158
0x77B6f9024212b3cb6329471518092730b28Ce037,2529.6158
0xb94824ba91c2B29614fA96f7cdF263735C3E23C2,2529.6158
0xEc4a3857e62AcB88e42C9B2C363e41c3b478DA41,1707.4906
0x05952f47e4a869BD2327c84A559cBfA6c871927e,2529.6158
0xb0954244913DBb4670466dE06D14ebdDd19bc3D4,2529.6158
0xB4E1e29B33c267Ac99d20018D984796c46d49a20,2529.6158
0xb09F75f91390feF61605AE41DFd076F49a312e1e,2631.55
0x942A099A6791359370751904A70C4E3fb0562BdD,2631.55
0x9D0Bf91Ac00Ab88dE5F43726a291f4d3c566Ea02,2529.6158
0x601Fa6dd74dC92276E7D48188D32eA0bA49a6911,27825.7738
0x66EC5C26db02112ff0aE846Ad0663F1077621701,10244.944
0x064E44E3dd4F81DC372F657fF3F6445c3927A288,3414.9813
0x956c01A5dD84006752ec842033CeC843950F3d7e,17707.3106
0x0031c7210563db567329dBbDEc2ef3722B637C53,2529.6158
0x3c1fd5a166e47F9D8B001f09Fd95776b0Bf6C0F7,2529.6158
0xEf58D82FAb288D41d1FD3EFf6024AE99517BB51b,2631.55
0x0146c82156A66b4eC3897B75ae08FcB9E81BE295,3414.9813
0xc900a00Ed24cb321425943522524488e54432016,2529.6158
0x49920b7c6b30210B1142450398C103b2E83534A7,5122.472
0x490405014d318F092998fc1EC2FE1326F793A51a,2631.55
0x2c233Cbabc46D096b6A5EAdc7e94957450d63bD0,2529.6158
0xd2B7BA6f2B3DbD6Eb542Be85cCDe900f43D72679,5122.472
0x23EaB4e803198dcd1C5C9a52a7887bd010600B47,3414.9813
0xC99B9AdCf8788F65f668A6Dd00a19373d0EEb893,5122.472
0xb10464900d227976855Dc08E0Ec156f81A686c53,3414.9813
0x7A49F5BFF8CBdd72883F3107F9624DD2ad54E696,5122.472
0x2033C2C34dD9660cE788FDf68F4D60E7D9e379e5,2529.6158
0x90f1F8f20E377a5FF4594E3E47D47f31e22c425C,3794.4237
0x11d3cc304D5A29a0151684C867b62F1E400b35cD,17707.3106
0x7c0dcc3A42AF28Dfe6064A173d1bbBBd0bC32E22,1264.8079
0x7662F8FC63a8212a0BB561a8e86B25f27cc7B4A2,2529.6158
0xC2E331409e0829fC2825E6aEA43b72e56d7Aa322,2529.6158
0xb479DcfB32f9985f2C6F192F21999bcfF625e5D8,5122.472
0xe5C1fa70dBaf945861F258936811cED62bF40628,2529.6158
0x7893507Cf9164fc3Aa4AB45f692A5Be61d8CDb5a,3794.4237
0x9d7EA65A8f04a9090884994e04A37610dD99B8f0,1264.8079
0x12e0B397AF125641bb55ed1331E2cABd7E71204A,3794.4237
0x0e61979eb7b67dB9C27a8D7a195781eE3a9debA8,3794.4237
0x9FbF73d9A5C7d991ccCF782944638c4b86e4b8bf,3414.9813
0x43be480B28164aC64867e67679b38cEedd31FA42,3794.4237
0x4c50CB7D190eA738f7456aC69150aedE36b069b5,3794.4237
0x80906e3bf5D020A43cAfA7d034BE28F5b4258054,17707.3106
0x6B02AE94882126041CAdca618a03837f8d656AF9,2631.55
0xE4b3ca4917E847B6c7e410C356a023B87457b25f,2529.6158
0x34Ff77A853A14579d2120Ac08C5e342CEe08AD71,2529.6158
0x9ED26319325e6f04A2cb41B52f86dBE4C18DD88F,2529.6158
0x11753d33F794b5e2bdd4BE22d161252c73648b99,2631.55
0x6F8D83930d6Ad229455237b6DB3fe11D8e3E7872,2529.6158
0x59887F37D633B1B2FEfaF0f740a1957f986dcA2e,2529.6158
0xB54a27380184e461fD7370628aeA9a39f61488Ba,2631.55
0x39AD4900F281053320Ea7885DEFc9997ae089556,2529.6158
0xd4b65Db36026dDF08859B8175c02c611FDE0A020,7588.8474
0x8Bf6BC162a314b7576da52953828534ec2af9257,2529.6158
0x07FD13800Bdc4BB2B00759BF5f1Cb70580E8Cd74,23904.8693
0x9B7A1Ba3836902c406097225506Ab56117BdF15c,2529.6158
0xA2E9Fc374A305F92B8F176E032B452a553A44605,3414.9813
0x881d80927d6FdfA8D4D70eeCaDe4dD19A39a407d,17707.3106
0xC1Dc3Bdb2a0ee76928aF15506297aD181e4d4428,2631.55
0x78f5Ad0E803925048E2f2dFfe4123562D739CC39,3794.4237
0x80EB01a2d833246E087139F94c6a9fE59c6A6910,2529.6158
0x49718360d1E788CB86C9C722AE36E20ED862a274,2631.55
0x88B174e2D8F24d761173C814558c3D3d5B0c2cf9,2530.6158
0xf2DEC2619Ac1eba9d9B8e91AF2Cb8ad1Bb8b978A,2529.6158
0x701e6Fd0d200A9914420d11744381B2FC291320A,64884.6454
0x8be3E4fdf5B6958C1AEC8EC58EA8855E565BF2E7,2529.6158
0x47C63d7141F9399c37Eba3fcD673D795EE57Ca2a,3794.4237
0xc6887A0297Ce96402605E634b4f0D8f688E3236F,2529.6158
0xdA654Ae716EAaEd00AE12F3ba0983A85401a8B02,17707.3106
0x35d877A6EEcbD323B4A612846BD134D320ec94c1,2529.6158
0x2C48f5d3F20F4B2B90C1E91Ec59F43A2764FF543,2631.55
0x9CA3D5c72838C658E3F46Ba9b9a4a4CF7f92Cfb6,23904.8693
0xEb99feEB2053a9a442aD88641Aff3285F12ea3A2,2529.6158
0x624192032c9473947eD12e98385246e4deabfED4,2529.6158
0xeFC7B78D86A3A333f860A9A31D150aF9b653FC04,22638.318
0x56FA9d5b92fDF1aEE856DD4C285Ee7F9A9DfD1A9,3414.9813
0x7d1E036A87d84EEa9e58098824eB4853edc10C46,7588.8474
0x9Ee9906bd91cA7B1dfaaBFE208670fA1c7C2c8f4,7588.8474
0x88f6b1cE2D17B770AEDd581Da0d2ce4807430FAD,3414.9813
0x5e37d08EBC6d4749b18Da9e82424c855184Cb628,2529.6158
0x5Eac6B0a1aAec0014d34Ff2EB6BA98C1800af111,10244.944
0xF30618073fD71268d3149C2beAcEfe74C258AFF5,2529.6158
0x23b8869D6C46CbfB1B50e680dADB9b93c2b5A186,2529.6158
0xa05A5bF8E6D99a5A1e4EE31409b9fE8e90b9cBC6,2529.6158
0x0f36efCb819364A5B41C27dE0C5e00a42c768512,2529.6158
0xaF49bD095FE5d37846BD79830425726F08369Df4,2529.6158
0x1f3F179Cc8Fcc0D8Fe7C3a7630cE9E5B3e33d9C5,2631.55
0xEF07946927113f958530B3742E4ADa083b673f5b,2529.6158
0xAD00D657aFced12AC58D4AD0025a0894f859e361,27825.7738
0x773f7dd048Ea9f20e2C454c92F25FE7AE8aB390f,3414.9813
0x7D092Ff394Bc72c0e44696dCD8Cf311f90EAab87,7588.8474
0x05D4D3Ba46d8dc117FC06AfF0d0b2569898a8260,3414.9813
0x0eeE83cb40d69A01c6c5513C7e10BE1eab73a5ae,2529.6158
0xD906A5121Af279A0bBE51309c9b9Ef05CE277dd2,2529.6158
0xaa4D9050a0dbbA3ddD2f33E66b710Ff2de983F46,2529.6158
0x97b6653606DbE7075f72AE5c0A13e6691e8b8Dfe,2529.6158
0xAf8A6f7c40b8d870beF5e9ca491aDD9609f173D6,2529.6158
0xFb12C39e912f489a2776b09aACDc22D987B79cD3,3414.9813
0xd595AF61d71e0Df1E24C59cBaB75096d8A9a6EcD,3794.4237
0x7f3F5406D09eAe1D10fC20E249B704A2c9C5deeC,2529.6158
0xcD188cF4cEF3B97739853C75CE9d43CE6Eb16904,3794.4237
0x44B4fE8E7b129E5Be3E1B330F2871A261B389236,2631.55
0x78206AFd1C5f4B6B088F418A2bA0AeB349aAA730,2529.6099
0x6eFf17B248139752575A33f8f16D8C4E039c69B3,2529.6158
0x4530456b753c3cEF8478c2f37942335B0bBB4a82,2529.6158
0x12482d83BC2A165d6340fe6F64eFc7c4EBf7d22D,2631.55
0x8300A57B8a5D9237Aa5740e965cfaB9aD7ed1927,3414.9813
0xcb3c9b8549dD6F2Ea816C1CB65a780BE987Df226,3794.4237
0xAD79C3580FcfB718D1bED4aB1BB084a56eb75f8A,2529.6158
0xA18e83Fc0c44dF2C2B516B2c0551c6971537D607,3794.4237
0xEe41f353a12f0Bb6c82BED1E787D877D71469EFA,5122.472
0xCc033b26b5cd1C43D0508a8877075313c2E00732,3794.4237
0x1fa7E7f508377721919A8F2C490c4F158c442200,3414.9813
0x65a954E5E8Df2b24183fe8F93235Bbc4CEb1B854,3414.9813
0xd743530666bB4be2915B67E4f1C7fc68E91C3699,2529.6158
0x4737b694F696E2563B433d0056AB809680d88AA7,2631.55
0xaa5Df0FC871498ad630bfd58163A3942e42daC62,2529.6158
0x22Ef68D1E65BFC9c3e2a3dCc2dBbCd14037f0a88,2529.6158
0x2F26739498230a825e1D4d24001fbD46e7ec4c15,2529.6158
0x971E18E73aD781da04F4aeE499707639d74E27FB,3414.9813
0x87b042a21a6840fa67d7172D45CAf36C75D0F24c,2631.55
0x3628c6260F9C5305431E3E345CE4C624B7DCcdE1,2529.6158
0x976E44F95FA02f2837E81d2ad8422909b76252Eb,1264.7229
0x9f8BF6696283c7f138267f36a3e9cc5b42423B1F,2529.6158
0xE95dc5d3fa1B75ab6ce0a8775eaA1735BbBBF382,2529.6158
0x69511222101D928c30620c59b32fF5A30C74EBcF,2529.6158
0x62573590cD423bdd224840c6e7A5849897eB96a6,5122.472
0x3aE0ECf8614335AfD8CE8ad75C74A20Da231Ac7c,23904.8693
0x5e6eCD3d0113560dB0931061FeC65c2AD2D5579c,17707.3106
0x42Be2c84EE6f1291073396596b0d8F9698125D8f,3414.9813
0x22aE08d278dD1A61632E2Fdb684E2DEdA9Aa23a9,2529.6158
0xd7D06d4d17920A32811b91C0fbAFF4b9643C2a69,2529.6158
0x72e4009E45D1251A9Dcc8F70c61376db4F354c68,2529.6158
0x1A138F415b590b296EdEfDA1F0D0544E512E316A,1264.8078
0xC0108CA6BDAEEeedfc9A9A4eF6602Db5A71Df263,35414.6212
0x3Efc7602B2c02165D7B34ca197a490240Ed0fE05,2529.6158
0x273193d903C353ace94B782c18198D9E43D634c0,2529.6158
0xf9be1eF3f274978DfF641046123CefB76BC67D1B,2529.6158
0x7e8Ff025F97F058d7a479939948eb73535fed9A7,3794.4237
0x7313C6FC4C54E866B8dAeccF0ACdc3BC825b0a08,3414.9813
0x792eD4630cF06D22ee705d82C9B60F5Ca95b0e99,47809.7387
0x6F1470ff8073DE4dFD4f444f25bf51fA88dC727c,3414.9813
0xcF829A56fEBf438916979deF1F5Aaed55C04E85d,3794.4237
0x1cbDcfc7Db32077f99bE9D7fe62d40a2a65a5712,2529.6158
0x8BcE963FBbD0a832A4D95B885df1959D0060d6F8,2529.6158
0x2C8bBCFf9D0909Cf2BeeFb0a08aFbF8c732FbC6B,2529.6158
0xa51997b9eF300858d4c1b3eE5d451eC1f46a1830,5122.472
0x564B97DF9E25D570312a8dDEb32f7027a52fC558,5120.7249
0x64bCfA2bB7BA97448aF5B3E594B02a90c8FB6e2F,2529.6158
0xE3935a0a33Fb4F31b6a8a1d0eA3C7FD4528f63DE,2529.6158
0xE3fbB9081c10a3225EFE9476aB4916719438a0aA,3414.9813
0xFf0bAF087F2EE3BbcD2b8aA6560bd5B8F23D99B4,2529.6158
0x2065ff834C64b2A145250d8E03770B179AF93e97,5122.472
0x8cc4b83eA3C7E0b793f0a00D3cF8c71CFF345BBa,7588.8474
0xab38776A899d04f992f0023E7D9e3cF328DD739C,3414.9813
0x42E341E68551E3F6d926205118Ef78470569e7af,2529.6158
0xbF7c86cf51099D5e16D1Dd4974017aD7b22d7bEb,2529.6158
0x699190A8827dEBb4f91DF815Cc5b9983137e450E,5122.472
0x6A5e28db1660f125FD6Cf33451aDA42fFEF2Df06,7588.8474
0xD3e1AA8A1aA91C2ed78BBE8f7662Ad63475BDe2f,3414.9813
0x94CF5B6D56e6747CaE89ebC5ba1Cd806a023Db40,2529.6158
0x1C80f15e53336be337Ad99891e0D4Cd47af325D6,3414.9813
0x75fc27bca12BA03ed50A1e3f70cc9be76423865C,3414.9813
0xFd69aB3E645d30A093d11606665C085cEb515748,10220.3974
0x39a95366601a16E5Bf8928a3dE14c6311b3BAEE1,2529.6158
0x16dd59fA60f9cB2DA71012BC82663226915bdFe6,1264.8079
0x7DA73972057D25eFC49Da9B6dCb919fA40655104,1190.5689
0x9BDd54FeA5b0740B152E8D4862Bd518b8f36Cfca,2529.6158
0xF5eFB67a179e0935E5bfd65C52cb098142Ee6E8f,3794.4237
0x444F80C65f09b2c70e65a1558aaBd5b23Bcf1414,3794.4237
0xcD98C52D690D9F9827921C1a26392c9b0d8C9AeD,2631.55
0xB88662521fb552955ED7711BA96478e039C0f0A3,2529.6158
0x2b1f380228e802F12BD09c3e93DA4811155f21B3,3794.4237
0x800DC915Fda9db94B95902833D880dbaAe5beaC8,3794.4237
0x0727C220c62BeaA56cc5365437851f7bFFB89847,7588.8474
0xE0306069FCb6F26FecB0101F86E1f8BF2BcC6144,3414.9799
0xcd6C922EFc12bc019A8A34Aff5Da4f9755a86A17,2529.4458
0x2F038ad6e6c936300C043217D13Ed267c873D4B1,10244.944
0x818F9fec7D53e25c10f35e00b4babe665B4384E3,3414.9813
0x26bD1a2d21d1d0F796067e751bD9145Bd3BD40d3,10244.944
0x03AaC2A8c2192270c918C060C572B878EC238D87,3794.4237
0xD12F0AaF5160818Ca54d4476B616Ecc089308F04,2529.6158
0x2A030B52C052a1D9D69a83Cc2e6959C358AE63C0,3414.9813
0x5325cB6F41A74F0B35B11E499a4a0A89707b62c5,2529.6158
0x8ee60eCb5d1C52d04b193f7498527bB8F5434bad,2529.6158
0x0aF72831ce8E1Be3298d31f81a9a691b8cb83559,2529.6158
0xb930F06475E7d4FC47d0F0C6115cC0340fADABA2,1264.8079
0x42356d4025FE1783e6447aC6cC45A73A29C4B784,2529.6158
0xB8AdCA6705E7B767821484C9ce8967EcbeDc0F71,2529.6158
0xF9178591866BCfCFeBAa17C98f01970841202808,23904.8693
0xDD69Bd0912984d42E3454Aa0239D55f31a96d9C8,2529.6158
0xa6859001D9f5Bcc8BBb531d694B8e48DB41221cc,2529.6158
0xf454Ffb4AeCf12F01409a213B68f52C0c2A80fA7,2529.6158
0x51d82Bb0fc1A0061E933bC20D815D80BF7c1f67A,2529.6099
0x5b3DA4E23f919A11e85b33ca95bf96842A8D7dd7,2529.6158
0x0F62ee409FFCb4Ca6a5a60faFC7D4f158b059899,1707.4906
0x9a01E3B10eF4E49aF83f821FC4245a6709BAB0Af,2529.6158
0x302dc42EcC0eA4a809186d31360FD79D8385FCA1,2529.6158
0x45419e8Aa2e73Bd782Ee6e8A055d29218EB87407,2529.6158
0x71Ac7873CCe8C1368Cc30499AF469e26d4F1Ce35,10244.944
0x9902767Aa58E0210BAbf3De8164b9377f28ace7d,10244.944
0x534dC4F57F77290D3ccE0d2E712B2BBB61773Ee1,17707.3106
0xD8A9fcd1bdDCaa8861a28E12f3E4a6151C07785b,3414.9813
0xE83aa94470D2Ab45c705514155ABe24fA0d3433c,3414.9813
0xC5748f5f3e9858c95E33ca36664D0858b2c39DB7,2529.6158
0xB9539A082Fca454F5C5677850B80A10d42E7f80A,2529.6158
0x0FE2F591b7017d174dbBab13C792ad0C455f258f,2529.6158
0x9D8caC050e81B207d682E2e75DcdC6a983D1D39d,3414.9813
0xdA91FCFd48Ff450b96e3dc66bB7860C4f4BEd364,2529.6158
0xD85721768189c7F893C0052D089Ce8731019cB9e,2529.6158
0x3655810F2eD910Cb72401B00261C33Fc2FD19B21,5122.472
0x4fd161d5be1823C52D8bf0f7847d258f49Ab697A,3794.4237
0x4eD5239648C8410695AB6D0BFa10A62AB36382d0,2529.6158
0x2dBC97FAFd68396bf4beC82b89Aa8E78Af2e3077,10244.944
0xC7c0B10FF120Ef323cc6b363e70Fa8690Ca71136,2529.6158
0xdf6A3D9120F483B3795476991aC6d8d4ca98E6b8,2529.6158
0x859643987AC97486507e34f5acA3a5979C763a32,5122.472
0xc494c7703EF93638Ee210E940c3EB9A2604B9F5d,3414.9813
0x0dE340fc7Acff084d28Fc84A186f7544411A54B7,3414.9813
0xEc6485a85f737041bD45541081540f2eA1C23a30,3414.9813
0xb8fca34b16B3C2f0C8289fd4FEd7103563a928Cc,2529.6158
0x5d1841AcDF13588C95154f0d9ef775da28EdCbB1,5122.472
0x36Ea66c1c24D8Cace30B76D0E1f005BF33c91630,2529.6158
0x0Afe4BD179AFf7C92b22ee888b29A0a60c84FC0b,2529.6158
0x55F01c1300b3c65D5a860e8d309fd1198afA6d73,2529.6158
0x2A79741D1dD54838bae70BBD85a49909d55E34cF,35414.6212
0x868f82590077A8d6d03aE835752cB93fab677ebe,10244.944
0x32B0dc7DeA8f458f8f3B0668aE0bA69b55B34743,2529.6158
0x72279399b6094685540C856826646997e21244bC,17707.3106
0xB37d2A82e7DD00eb8d3c963c376edDaa2f6132fe,2529.6158
0x78C9ed9dE80F97D90310D8A950Aa1790E6ba07A6,2529.6158
0x3c956FF43b13226D4761eA6AAD41A725694928ae,2529.6158
0xA31C0fD3B9c737Fdb8Cb4fFBAac825094823B19B,7588.8474
0xc7aebe92fDED3107f69319952B307ee8d92A607A,3794.4237
0x3c81350bAB30C07908e5cd06bf8a4E0Cc43f9d13,2529.6158
0xF622A80D0Eb4Aa89f02Cd37b0fD57f77256f6B77,2529.6158
0xeb7DC3d2caA98F0a8AAb60bb01C4021aAC2DfBEe,2529.6158
0x1EB5fB14419598F80ecD048C1dd84224b0aD2FCb,2529.6158
0x91011CcD46AB226B451eD082C817360EAdD23440,1264.8079
0x32b8D0EFFE0693fE2f779Ec4Fb6b9818d06a4b10,2529.6158
0x7220Aa327d0441F0Df804148C80443293bB304ed,3414.9813
0xD556c3811C6f036E0414d39ce0dE48FdD7423627,2529.6158
0x6853285716a92aF6DD07F2F6aeBCA23E5b13f8f6,3414.9813
0x21fafB4d1A7d179AD7112FB045527D8f3c27bb2e,1264.8079
0xc78389f04B951A8986C989aE4DB90A2B34A36e03,3414.9813
0x7bEB48DCFC6698A32a630C8aa4291Bd1c26937A7,2529.6158
0xd6BA507fd5Ea7976dEfCD7Da1348e054AB0F0A55,35414.6212
0x4771AEFc097C9B84DC5f548a3B4108B9FaaD736d,1264.8079
0x29DCc29a20a3b1b2373442C8Bd05a7f5d99Ec754,2529.6158
0x55bAe8d1C4287Ec615F12fFeDAeD6051fEab819e,10244.944
0x239D427AB16eAc5708B791A29d7c126884F2d963,3794.4237
0x6da2817e21b6EcDF4814a1eCB2720Ef6ed47D29C,2529.6158
0x1d9dE1a696f57a7Dd0bdAdA6b51Fdc7e93c5c64b,2529.6158
0x2C423f4f7fEE5DEeE58bbB9B78c812a14458d87F,2529.6158
0xF3D8484c72faB25acf735cEbD8b9389F61Cd938F,6425.9737
0x16AB25Cf7f2ee384418E1167E7F329860aC98A69,37564.7947
0x12A4c78B32D25e237687C4468ac6611D90c9C59A,7588.8474
0x8FE8caB509D89d19ee84ce7b7eBbE88c73Ab30c5,5122.472
0x7aF7Ae5C640E5D8A0B71f24d6081DD7152FB38cA,27825.7738
0x18311B71921aFe601D42c4943fedf392F4E163B2,3794.4237
0xE4aabd91fC60f0acba8c68E2f06D723412Cdb636,3414.9813
0x59D9C1Ed63ac9E6230f770eC44B9224611849493,2631.55
0xeb8a736108F30681a439753b7B342F4700cb1c1c,2529.6158
0xd93165094DBC1A2B8951A8522aa811F0df53be0F,3794.4237
0xc07f15b8F0FbCCf72f6De7C85fAE8040b6b821e0,3414.9813
0x65444504C7edd528F0A6FA5563aC99D2750f7dd0,3414.9813
0x982B1b120f4587ebb19C0Cc9421cC184B3131bEB,3794.4237
0x516d695590B88b33762Cd9E7D44AE3f6546a0f18,2631.55
0x8Cb760B1771E0b4e3fDF82Deb7443B8C36d1f097,2529.6158
0xc3D49715995c4D47933FA71BD8d8ED713959aC00,17707.3106
0x0D280f20ED587348DB3c704FDdd339a01c7aCA2d,2529.6158
0x79f1D64a18008652FcA2a97bB59807E14d82Cb4C,7588.8474
0x448DDb3fbE8d5094311eC71d1656dC9e6378f26d,10244.944
0x5a4c5Cf4F0dc388bc499AD40e5A58892bF931a51,2631.55
0x56C4E088876a62DC4f022c8Af7a4E61203D761F0,17707.3106
0xa3584a089D8B754FfFFb1236f3529d52e55a3DbD,3794.4237
0x272e8b26c7Cf3f382F60B808b1b0bfD830E439D4,7588.8474
0xa22487e41D942583733D50D0b745a5d17BFE9231,2529.6158
0xF86A27283c7C4Ef1C676a0E6b810Ac8ccCc39ECb,2529.6158
0x1103989AD76c6b2DC5A7325A21e7245a2EdF50B4,7588.8474
0x0A65C215CE8abC782A4B763FFfA10a41652Ac42C,3414.9813
0x52776700CE5EFB633de50Ed4AfC1b0750C43Bbb6,2529.6158
0xeB6a24e62e2f337dD65c6c2086488E6f8CF7eb31,3794.4237
0x7b506d42451f0aa6816B0DC05600C95a17407945,2529.6158
0x68bfa1C3D115Fc17014e2C106D598d49daaab846,2529.6158
0x8d82E2AAb881C67535A5bA675472BEbe40729960,5122.472
0xb6e36a24B8EC28eF55F1DE8c1Ba12E6FaD1d0CFA,2529.6158
0xB92c334104ccDA32Dc51d479723a64BB97469ED1,3414.9813
0x6168ca8705588591009Fd5470121D4FcBA7fBd65,3794.4237
0x05923b0967EB7E67b778Ff23655d5dc76688B309,5122.472
0x8F988d0FddC1Fe2E47269138c749D6118ac12200,5120.4237
0x42e53Bb7698b0ebca963Abf668C6B441ED0c57E2,3414.9813
0x68F4be4D770A47585Af29B431c3828E95965120F,2529.6158
0x72df357154736b94ced1220e895e6AB2Ec2983dc,17707.3106
0xaa0da66F5A07Df66509980dB55b072642587fb1b,35414.6212
0x005597F98bfd1BE6f56062dF15B2B474D95818A1,3414.9813
0x25Bd29241fBf827E3FC507c666Df70fF3b0546b7,48062.7003
0xC5b99B988a13c4358752dB52808928ECda7c8347,3794.4237
0x905AF24D9db27C25d27693ce7fa50Dfc04295b5c,2529.6158
0xC4bCF84bbBA74F7Ed07aBf9e39df86Bca995fCA9,2528.9999
0xeFAf18AAA63507E494049Be49cbb34460b79c4bD,2529.6158
0x175259E1D2053512ae45E855f96F1BD2C3d3070B,2631.55
0xe7cCFB2A2771b2ecC628Fb066eD73f0B53D65201,3414.9813
0x87E1499f1a10315Ac81Df381C2B411306BA39061,1707.4906
0xAaecec7Cc0b8Bdc4401a91302f789634d32E86f5,35414.6212
0x1193B223aa47e8B06E919A039113D05564437f39,2529.6158
0xC11a1365eBf0B3bA66820e8045A6bF9674244401,23904.8693
0xd437B427ffb3ABE636Fd8045D7Aa6F8aCaC4137e,3414.9813
0x8BC1E7c446b71C41d50AF1E99eA6811d29d49ef6,2529.6158
0x3926e65d368043EE0D5D8db26a33BF5489d69110,2529.6158
0xE99C6231454F3cD9B8364aeA0CEBA423aCb90F19,2631.55
0xDE4d1283777aD6dcbC14538ee3822DF9bD0d5a49,2529.6158
0x19d6C2dd90A0475f6798B764B2b0Bb86b4c54725,2529.6158
0xB2C84df550A0052B73DfC2554cC4f130f7f62C78,3414.9813
0x03b76647464CF57255f20289D2501417A5eC457E,2529.6158
0xBfc98C869b5B5853e5324cb86dB04315F4e5ED4A,3794.4237
0xE6423aD6E844D25F10528BE9d1B81e6c0dE89753,2526.288
0x161D80d4E5708C77602d6D360cA74517206b75bB,23904.8693
0x2359f1682A9791EcD7aef395E0aBFaa3001e173e,3794.4237
0xfCCB580693e1FC91903B206bF31E3548D947636c,2529.6158
0x1Be9A1B37dCbD867247a4f4A8c1a8A42e96282F8,17707.3106
0x2224BC00EAD1d90365d860ed0C6A21363dA40784,5122.472
0x5913137b234704C537AbB2d0Dc0F398642A2Cc42,37564.7947
0x2dbF98cA28acB9b9669917cEf1F102Df36cA29dA,2158.9687
0x98c4A83AaA053935303a0668746c2a4033bA8714,3794.4237
0x176834F20915DF644047A8fc259EF7E5B0420CbA,2529.6158
0xe717dBe050620aC1c20886454b2E637a33ae3126,2529.4458
0x2240369847fD38752C2CA30C0a3CDF059943eC2b,7588.8474
0x021D3D3a143c84256ce8e00db8813f7E8d6d56EB,3414.9813
0x1e1038F3CB1Ab132C0e97f1feD4ed162F7B9cD46,2529.6158
0xB467601b3F077cdDc1bC8762691f28A6D8B37d81,3794.4237
0xbCfdF5A127A5E7f1EAA5c26dA94A028D551273D3,2529.6158
0xA7aC5d14D9341c6fa532C980541F33A492BcCAEF,3414.9813
0x56D3fD0444e085b7CD940e5E0b5DA8609870A968,7588.8474
0x5f96cB8A6B476e709cF963905506bDD6dE6ac0bF,2357.5011
0x85B6B3d0A02D568D54d5fbAfB4d6e2c09c6a32E5,2631.55
0x8e4c24C7725Bb3A5B37D5361c33Ac09fa8BA9b85,17707.3106
0x4451444b362FE3946bFDd4E3B4661bc327ca9344,2529.6158
0xc9B9E1C2AECFdAf09c92A5033efa5Ce67dF225b2,17707.3106
0x35fa44C4F6C1b273E3438Ce3Fd360989517c16DA,2529.6158
0x0BC6230f347c0304C03d5fc4EBc38358979705A0,3794.4237
0x4CeCf0768CE4dF9036A28A258e713E4F612c279A,2529.6158
0xae4673287d0bA3989744440B203a50C97A09BA5A,2529.6158
0xa8483c9aa63DccD482B335f5eb3290ec715D157f,3414.9813
0x85cc18EaDc533Bbb9a88A457f97da5ecAa203389,3794.4237
0x312c87aE290F2EC7FEF5E4f299b99Cb2EC146e5A,2529.6158
0x9219E5840B07351a6525FE958603Bd0986cB24b8,2529.6158
0xf322E189EC3d1E3bA37A80e420B4196a130Cf05C,47809.7387
0x15D0FD958f66cBa7B9f58eEEDEDA4F2e4F517761,2529.6158
0x13EB18bc1D04d1941cdBc7d7b1FEdE66e0249Cb4,6961.8208
0x003fa22AF3E9BB7aC69aF94fa4558579fc1f7907,1264.8079
0xA22598d1592F0D3E36F1edC0e5852C64C3C8a25A,2529.6158
0xdE54146d80b16407ADeA9Ae8d4746fA268B2DE95,2529.6158
0x06DC97BEdEd1809C3DbffF059D542C5cadf0c7F0,7588.8474
0x5cB97feaE659195abbF37f84217860C68d17f623,3794.4237
0xB96A9170F0Eaf6f48b0481C8c0082269e66Cee7b,2529.6158
0x2e552C0716CE9C22d3B028179727EeD8FF86FbEB,3414.9813
0x75B22fBD590ea1332706274884341197DbF63f6E,2529.6158
0x984e946C8B2f139CFd7215267cC0f570C32FbA15,2529.6158
0x5f2EB5c2b0D236cA7F11D8AEaB58d77bb22a68b3,3414.9813
0x7e3df6203B66cD77F724E3d52f7FC9597ebf5640,2529.6158
0x10ae6E1D7E192514a3B8A76F74fA298d378B0f35,17707.3106
0x78D74f741Ac8c4bE3b90f78D8991aAb41D0f6aA4,3794.4237
0x378B109404AD59633e547Cc4d93dd3cc5b3ece1b,7588.8474
0xeaa3899FB6Fe633Cc1d90c7872e6303Cf52D1A3e,1578.93
0xabe170524E8dBFbFa7Cad4993D2F931CfA45a933,7588.8474
0xc21FbDf330655ADdd2D13378b83fB3F747AC0AcF,3794.4237
0xFA3CcE7Be22fe48B801D67A44EC0257ab58FddE8,3414.9813
0x3F8932e55a539DB2029Cf331ae0F4c3e13cE3996,2529.6158
0x78813302D586AC9CF583B53C00F3997d802aB81d,2529.6158
0x4cd8BDa7C7dD00656F2FC7520Ed1035e76B24399,10244.944
0x929Af7e92a6317253d1e19a5a938ba384309CDbb,2529.6158
0xA9e467f25FDB4A1aA94E30A0C94aCE6CD12762B1,2529.6158
0xe88AE0a6f960Ce92f590c51b7e3923d6513117ec,2529.6157
0xCCe9355De5fCD4d10A8324a53ea2B0247EeFAFab,2529.6158
0x55C43D64756A9C198477498d2fFce9aC06A00e94,2529.6158
0xEA0aa93540e985DC48D795Aa919C03D05855Ad76,2529.6158
0x286a8ab230100f2665ee683CD05cC9d1EaF95C40,2631.55
0xeE6467EA0e2790198721611799060342c2A30D6e,2529.6158
0xC066C5dF4ef8Db9918ba143BCa9fa0f2Dd5DBc28,3794.4237
0x271228cCc77c4843DcE716F622D51D86Af13b192,2529.6158
0xdC32318AA796e330455EDF8F60C62AA75994b4ac,2529.6158
0xA1b784Fd1baBc1034d4E1d16b5C668Df70F21561,2529.6158
0xeF42648B4CD276B3cb5657584Cd83D036B0055C7,2529.6158
0x11F8956e25b74a4A415E8FDC381D13BeC6F87eC1,2529.6158
0x34136e0230AB6e38d514341Efd817B1EAC856e92,2529.6158
0x969eEe22840015bbd8F4d88df17809D784820212,2529.6158
0x59c33EF5CF07e2b7df5d8Ac8Ee931F0E39047A23,17707.3106
0xaE0bE8070e6D97716386A33725621fE6F73F3659,10244.944
0x38E3f5458b39E2BD9471AE11C4249cdDeD03f95A,2631.55
0xb1F38131980730B8BCD406D970d946801953f1A5,2529.6158
0x9cC855Dc4ac07B3E7C4966e6A975972D247a0BB7,7588.8474
0xdBed76fE579aBA6f7F0c6182e5831f31f039d65e,3794.4237
0x8cC4bA4387634E630e0E664a5b7c3C2eBbC02A23,3281.6759
0xdDEe0aEC5cE2c8d0d8FBdc08f16a41dfbB1f6d37,2529.6158
0x28A1d9c08Ad97Ef4EE14239489b0D567aD36A879,3414.9813
0x16c5E6d8292Ff791832e74fB14f132c15b7EAeF2,2631.55
0xEee1CBB4abcD02744E936Ff50C7CB9026c1f7dC5,2529.6158
0x5bB1F71095F8A5e6Fd09bd34bF1e3F721891CB73,3794.4237
0xaDCD4862e79639Be01e3D6D74aFf52482fDfb54D,2529.6158
0xC46F8Cb42E838C1115EaA6A585ed2be43742f890,2529.6158
0x1f5Be9B215D91cB9dF6aa971f546d1eA5551097d,27825.4833
0x91999c91D842785E3E1cA005B4F8F85b6DC836D6,2529.6158
0x00E7235c51Ae010e1B9b6d3B0e38873967054648,2529.6158
0xe151056eB9EbF90fcC7bc14E9018FB2b154da46A,2529.6158
0xC9C0512160F65332B92E95E3F3ff0963D4d5523E,2529.6157
0xb8a37529e4f22A3485413261Da9f8cA033c0A999,2529.6158
0xE732Bc4E81B87158C17AF0e9677d8e42AB47EA25,2529.6158
0xb272cC4520d29087eD8948804F808d3119a03214,2529.6158
0x3328cE17CebBc46fc23Faa23404F8a494F1b480E,2529.6158
0x5708DF8c01d2bcEC22DFa66c501E27c197ba2470,5122.472
0x00eB6e87d3cdC8A4613C6148a13e7dC98410aAa8,1264.8079
0x2313a2070e1DDa16a6A333dc54B4d8F39b8bf292,2529.6158
0xdBf4C028905937295569499cCeFE70C1066c5Cb1,2529.4458
0x556cc34840A331221d39831A76B240b2dE10b95B,2529.6158
0x63FD18C53aE6fF05E6E2E4587dD6a721b59d1587,2529.6158
0x01a8251661E12a335e3e3Df953ED84d296C1dF4F,2529.6158
0x258caf1E4a17F755EE12d745c741D0405Ab3f367,2529.6158
0xf821F96D10911490cF1332bF85025D48a96B0083,3794.4237
0xD6b2F9F7e44625eF43Fb6Bde2E0bad5eD0e0B58c,2529.6158
0xb1DA30CCE423ee82893A8CcF2c32a5cD389A5375,2529.6158
0xB96Fea8DA2edFEd1Be957ad7154327A7e2C59de2,23904.8693
0x2ac7C8350e03Ae4D7A53A4B28D2E0530AdD3C0ad,10244.944
0x046afdDBC4e4Fe503DDd2b952F7d849d1270aB3f,2529.6158
0x2a0794B223a0acebE83400854E3e8FF3D7f9760B,5122.472
0xb87BfBD6D84dC7615ccA69A7474a0dd89B10a015,2529.6158
0x7A2B17DD75ee18Bd923ADE28DA9e0662053fe35e,2529.6158
0x27f26743dc27d9Ee21D18CE7cCC37d57A4C53e98,2529.6158
0x29a6bfbfFC90258cda72C625a398A93652c933D4,17707.3106
0xa498DBB6e0410f343D70C9B4c4526a2797FE75b3,2631.55
0x578DfF0F68dF557F28C754583262450D37d6Cd1E,1264.8079
0x2E771628e765C04a06252801177332D078A19A21,48062.7003
0xdae63cc29AeBdD847f57F848842c4703F0B37f93,2529.6157
0x4e0BF09A1FC6E1BF4680E629a9D73ee3eECaB4db,10244.944
0xD7f5895197810C55393D7C177cFe8dcAFc918b78,2529.6158
0xf1703c735d456d283f1ab45F464141ab6f05e467,2529.6158
0x03928d8Fd935f842e8fF2039530DDDa41207a4D7,2529.6158
0x41a411B48B8c348d7709b2a7d68E2033DA4E0d32,3237.3977
0x6a968A30E9DF5f04a8A82755E0118cfe749E0c65,2529.6158
0x919aeF4fE50C19dad7591b6e09e432442eFc4515,3414.9813
0x656D482da9F238D4BA105ccA525Ee9165d6a7B98,2529.6158
0x65197Fdf8De5Ae05C3E622d116A682B01CF748d2,2529.6158
0x353E942940b1813FBA3773e5FA965008fE7325ea,2529.6158
0x45bEaCBB0e144718e17DEAc4DD810a7501244c89,2529.6158
0xfc31691fb1Ff8B49d8D31f25B8A899aDA92D61e2,2394.8882
0x9Fe31FC2A442a6cC0d64e7214f2A99C21b65a5CD,3414.9813
0x505CaBB5a2128e129b5288e7A17Ede1b68434Cd5,17105.075
0x4b15E7d0eBa14497AF84Bc8F75b2A7f9Aa2FbA50,3414.9813
0x3ad4E5b89eCcD7c610187E244C89836ACFFD48Eb,2529.6158
0x6BD19D4595B75d982B85AE2ca29FdfD8c176a81B,2529.6158
0xf7800f18f6Db61dCAD8778bdc6C25f1B3BEA9c35,2529.6158
0xd2B41B2209de76ed2B6224e9204248d055ee20c8,2529.6158
0xaC97Fd4DFBfC015265083E959B0EDF217596A946,2529.6158
0x166C9980A4D0Def97c367eDAff2E236f2b990B66,3414.9813
0xe5a9967e36EEe64d67E2efD30b6120ACF09CB970,3794.4237
0x24BB4De554CC1A3fde5F10f1Fcdaf4A66EcAB35E,10244.944
0xc76c5Aed215CE10a67EC28604b0B9a0524d30904,2529.6158
0x982ecdE6dCB2646A1b949177F6711DAC1122B441,3414.9813
0x5e3f2412b5edc9e8c5A5b4f465844eedE4132f63,5122.472
0x1B37f98497Ba7044854dd56C3EcDB5541007C976,3414.9813
0xC60Eec28b22F3b7A70fCAB10A5a45Bf051a83d2B,1823.8126
0xD12C4a40b966A43D75d05A8C105E674624c0a727,7588.8474
0x8e8df055624250f6B3dCa93d3357cd3F55D93a0D,2529.6158
0xaEbE1Da302f319485A1bEEecdF7F4c841221C9cd,2529.6158
0xa38923204AdC924834563A168A99DDa189E9e16F,7588.8474
0x40BF41F6901E48d53E6f1503D941C7734dBA16e4,10244.944
0x63d4e0EC86425C861F07bec31d617F9D0696c6C0,7588.8474
0x5de1E929BF8b31374E9e532369014029E07E1D01,2529.6158
0x155ca272C6A1bf942b4316AB288FC9e56072e7be,7588.8399
0xe14B18aD9f6a5dd81E538911c79334E97C14e9cE,1264.8079
0xedA927B79bb25c72e536779e446c7ae0eB49b89d,2529.6158
0x0f402F993fc698E5854D4f6848422B25ab7955eE,7588.8474
0x724d7A87f21d38679f5FAB1cb18B693E51C7De63,7588.8474
0xFe95032423E5a5210Cd381569FE2AdD42719258e,3794.4237
0xCb731249Ed788584234791f6620652c8F80854DE,3414.9813
0x19F6b231ACfedcec477831ABe7Ca035f2A014F92,2529.6157
0x39d43077f4d0dB40b8CA89D89E5aAe4E50bEDb20,2529.6158
0xab33Be0DBc0Ae6Cec8cB8825d307aFb6989452Ed,7588.8474
0xe63154501337Cdb0DCD09A100c0196B2bb7B14c7,2529.6158
0x7E054F9d2ED69d5eF45d4C912f64c40076181152,2529.6158
0xf2F3319c30Ab92211fd2541686F723c2d795351e,2529.6158
0x174D1e61cC57c726Ff38FC457bA599F2A53827Eb,2529.6158
0x57deF6c1712a1013865b251daA26960db50aD5Cd,2529.6158
0x280bfcd5455b40340089Abfae2C398bDCA8E148B,5122.472
0xb6AA0052c2a7C8230912b8638cDF8e08505f7f82,5122.472
0xEE3712F277FAc007B531135E486F466e0E3E26Dc,2529.6158
0x64E1691fa127582F766c40e44066728D7100A0D2,3414.9813
0x19284DdB440C85085930D30F7062DB81BEAc9E57,17707.3106
0x046a020Ab8e7E0B33Fba87f38Bd3B91a5E0f43bC,2529.6158
0x56e910a3773EA7f3616B0F7Fd76e060783B9404A,2529.6158
0x7a54Ccc42937536F7aBe597fb2C731A129297944,3414.9813
0x4B9b87324258FFA7fFF03e2cC8ec7C7fb37610DE,2529.6158
0x2e660512513CA18Fe58C669baDee8E63Cb9Da1Ca,10244.944
0x3F4556c3a8d2D7DAfDe99dD4e892e867C3A7630f,2529.6158
0x75C63FB3E4329f330a5CC178Ab2F50e2bC9736C1,2529.6158
0x1413025A8b0606d63F5b7f8dC70e988ca9Fa2eD0,2529.6158
0x2c47A2641aE35d51648f16De2Dc8286229016917,3414.9813
0x84DD655A219560EFC45Ff6373e4cc5017BF29E62,3414.9813
0x4D9bf7b8d384e3c77C986CBbDb8Fd3F15cd6f2EE,2529.6158
0x72eA93cff9f4458861240bC07858A1AC7826eDeC,7588.8474
0x7282cb92168F735bd14468F072C199d2C52928f1,3794.4237
0x124a140C07b0E18c338cA68be7572296A801Db5d,2529.6158
0xa6C38C4F3e4D7461B9485835af9F2b035e2D2eD0,2529.6158
0x07C5aa8B3fC59b7aF1B30282Cde9E6F06d1ADA09,2631.55
0x83c8a2c7c95c7C858d8864a221Ed28CeCbE75c8b,2529.6158
0xeA54EFe68003bB510D246Da8AFe3a821cD9c876c,2529.6158
0xC6D1CC3B4C7099D8246778b89f2db8804ADBAa0f,2529.6158
0xDA44acd0a12D955219De17650389521e7791aDcD,2529.6158
0x80D3E79bf1144651312E74A36d0E1a0e5dd0D41f,2529.6158
0xeAE9f79CFB2C8008405AdCDA00CaD6dCaDee8B4a,7588.8474
0xF1d62ef7D5eceFC1A5aF8C95aB89C4c6E49E7A54,3794.4237
0xe9F40b3B0d030e461139530875a3157963D882e7,1707.4906
0xF5d70cC9092Fa91f21aB8e081639B0Df788696a5,3794.4237
0x0fA72A63107fD1003E4cFbd0f5c86F8550575106,2529.6158
0x7b3250Ce598B4df09D04C64cB12db4704bCa68E3,7588.8474
0x2A57e97D32CF11Cd1B5F8e61f475206bFdbD2951,7588.8474
0x145132026be639bD2caa1Fb3586A14cf8e35ee1b,2529.6158
0x76CB7A93BF6063c88369f1f681205c64aF2C4040,5122.472
0x7e9E371D28477cBB935A2BfF516D9F6aaF9486D5,2529.6158
0x587D04449AB00AD72B3460913C30d13A6aa06481,3414.9813
0x9DA0225D49EBc1Af1476966B9dd0b6E711397ce3,2529.6158
0x36ad2deFE8bc97bC711853ad4c6b4c56aB2674d1,2529.6158
0xEe8c7C92D0225b71679f571Eae631FBD0e6E3248,3414.9813
0x045d4BdDd5cC73aB12617175954713507DdebBfe,5122.472
0xF50EF11f228B4924552C1411127FC82419C0C8e0,3414.9813
0x00c3f189cB6da21aDD38D503F7daCA82081F69ec,2529.6158
0xf5BBAB0216b69477De1b7B7Ae0519F3b527Fff77,7588.8474
0xeFc78E3F9722Dd9Ee6e290D13B330aCF811f09F1,3794.4237
0xe1C43dA5Fae2912AD06113b0B05b7480E222F31C,37564.7947
0x29Bd55aE1E8c7553C97E15c846064224Ac49b6C0,2529.6158
0x5Db55B8C6b38D308b877407Fc11E2163d6e6FEDe,2529.6158
0xb64dBc614651a39448A569F3677d189A1F74a75F,3414.9813
0xc63eAF51081C53C86CDDC21b30d4Ac72Df8b486A,10244.944
0x529F8ED7d1836491e5eA4BF23E35aB8ab5Fd8a37,2631.55
0x16798FC3c1b7b20BCdD704dAB71FE6218aC2A018,10244.944
0x89321250B8FF18a56ec8AF78F74bB4989c0a2A40,2529.6158
0x0B9eD41f23B7708e123D417dF8F3C718C0cEaEa8,1264.8079
0x39B946e35b3DC215455cc95b446eDd8368928d10,3413.8166
0xfd2793b461Ff5F2A486DDa40822288E163DC77eE,2529.6158
0x1D61223DB464135269C651D905a79bc9deFA02d8,2529.6158
0x2aF455D70F7209303F42fde830481468aAd1B350,5122.472
0x5bBf9f921504EAa6F9f5f9C555010e0ceB245360,23904.6108
0x7C7dA0897bEAd8D1A5EAd9c1dD356C056eCe7011,2529.6158
0x677560D1EAA746aC5654680644829d35934585Ad,2529.6158
0x68eAD722E70A7E42C99835eeF6C669204887bdD5,23904.8693
0x9f5035913C97FDE2D9Af3Ef514b15C3833de0249,5122.472
0x5248B611805536d28685D3E818997EA22a7af6a0,3414.9813
0x1596E5e20f1c198448726C1BDe0dc1b4f58602D2,23904.8693
0xe2321Ef7dBb93Dcbe7435a457630E9145E50f822,2529.6158
0x971740Ed368934875f1890898D5FFC10EA99FA43,3414.9813
0x4732587bB3ffc968F2a2CB7a32CA0F69387857BB,3414.9813
0x404F583833d0a05156FF6003da652B6031eBCB55,2529.6158
0xe0584637df1d8fcF7C84Bf6aBECC11b45c09Bf59,2529.6158
0x42D8B2224aC3f395234D4c51CC7C4AB35C11de72,3414.9813
0xe1B6896bA807294469975B9b25556f940bC5b179,2529.6158
0x786Da47c45065532908dDF1fb14A746318da1c34,3414.9813
0x7F562dA57F1E4A95AE92a509C0eEa7B84F8dE4c1,2529.6158
0x02bEA8A9e0CB4e5Aa90B706403eABe020A36bc97,3414.9813
0xaA73B389E63453665E767B86BfF1FB3542e60b0F,3794.4237
0x821cDA15E5bC7a6F9Cd23bC717378144889817Ed,2529.6158
0x1756f90d755b00551ffFF797b0cFEB1121D70310,2529.6158
0xAB37237fC422499ae045BC83490aDad08f0D9a5d,47809.7387
0xF603B6d0fe7883eD5CB98316DEeac5ad142802c0,3414.9813
0xD17533c3611E5d10EbBFC12b118d5f460687BA77,2631.55
0xAB4470f2e857ccdc18Bb6be25BAaA38b1dA6A2F6,2529.6158
0x5FAaa7de5e431dD095BD6BAcf707C2CE62818daD,2529.6158
0xD38476D3c1EaeEb5cA68aa7f4EF75dd0b18473EB,10244.944
0xd38aadC9cB312FA7Bb9c4F3faddEd6Ab21A1092F,2529.6158
0x1Ab6d13882C398f23D93a46E70537d0A77665F18,3794.4237
0x9fDc43f90f67A76B385839B53b99793c5daeBEe6,2529.6158
0x38Bb6509c5086330Ceb506B672fd0E4B6EE20CaB,10244.944
0x60f5CE9FD671cB7823F002B89Ef64FF232A610D2,2529.6158
0x923a3Da4c746DEac2D59c2713209d8AaaB013d69,2529.6158
0x854779b95D3278fCCeF3E19DE74B6C4f5ec32370,7588.8474
0x2F9994048EE63271f5beB337C902B74B93A0136A,2529.6158
0xA312Bd82775B7B21f30736D8987cd2494A1D2312,2529.6158
0x6fb456c275942749Dc7DBE95A71bB4Be2A7d229C,3414.8692
0xB0877c5b6CB5b013651a1E291FfE6dBe34E7e375,2529.6158
0x2c2EEeFb2201bE2179B089e0d4077DDc3066242C,5122.472
0x4A309866D288F5bcc0F4AEA449F2E176CEF976aA,2529.6158
0x352788f29E1Cfd24d7ef97FA1A88C2c33bcA67D1,2529.6158
0x3Aab0F444809Bd1d69A55a62FF262dCaFFbE0246,2529.6158
0xdbEC81b4Eab0B5234dBd9ff7c456BF750d7a9086,7588.8474
0x8b3f8c6C0d49c745816fd7a74F5737C78209E393,3414.9813
0xcD8EB1BA7a84524592586669c3Fc0c4E753eff8f,3794.4237
0x6fd55f3918Cc31D7EF89663173A94174AB99F29C,3414.9813
0x37f27964bCbaB4C0665E9B94d5d72A4a6Af4B8D9,3794.4237
0x3EC0cAFF18dFF120a73eF24987afBEc122BfA79e,3414.9813
0x7642215D99A7F411C82b89905Dc31A290201f104,23904.8693
0xB030FC5677a480562a1f47f8d00b395E2455148f,2529.6158
0xd47EA97336F13DfccEDE1018Df928038C4c72b0C,2529.6158
0x456528616CC1AdC55Eb0e3e135a921f027A3D0f5,2529.6158
0x1495c287f9afe7D5a9F5C821976e8AcA945824E6,2529.6158
0xCf24e9dAf1717Bc4333d0670a43072f80cd33ad1,2529.6158
0xD29f6d1bDBC83680070cD95Ca8e74FF4ddA992Fc,2529.6158
0x09e6c7666dE1Bcd7ab05cAcf6846F339157D5E11,3414.9813
0xB719a31208C7D96f7260eF710755f6b5ECB59036,2529.6158
0x13a1970EDDa39555482207B6935730147B35600B,2529.6158
0x2B5bbB481406Ec19DC80e9eBBB7B9EB2E7eBe7b9,1264.8079
0x50cf0517EfF0177d458E704130361687E2e0999E,1894.716
0x501Bc84d65fba27b4F0F361f5e352e52d4fF588A,2529.6157
0x18621132C28C5FFE4FDD4CbE6b7C8bfbFA46b728,5122.472
0x5b184978a423EfF1871b3E023c986B49179A06d3,3794.4237
0xCfe1396aF21210598a1eF2c3628b0EF60b6dca9a,48062.7003
0xc4654b919F03Bf1f1065127Ce3c8942CfA6b7862,2529.6158
0x0B5fe588e5738a0bb9df4491A1529256d6A11C1b,27825.7738
0x05ed6ebCEE32675ef81d320E084893d86A3070A2,2529.6158
0x53cfA6f0d07701c57d598127589A96576d2631E7,7588.8474
0xA4A4dB7b1dEBDF4E6C9AFE7Bf65b45AA56b03D88,2529.6158
0x3c44C9F947757239E4001e9452072962A7f4290b,2529.6158
0x03A1D6D443bA541444516712BC6A6ac4E610E028,5161.1658
0x24A14Ae923281B01F78060748e52D659Ad217960,2529.4458
0x98c10cf516faAd322e4718E6B3bf5349AAE6Ea4C,2529.6158
0xe2aE1a387FDD5AA9ab494e197C1B9a65253fEda0,5122.472
0x8bf93949EA37f36C2D5BBfE7B6154949021A7C30,2529.6158
0x25da41428750E6BAb5ee28afaF0E76b1FBB96eDb,3414.9813
0xd41884874Dd0CC9EBcC943015e7E4EaC7E5Ff135,3414.9813
0x67ACE5806C56FA6981e1169926b8fFd0E2a2098d,7588.8474
0x6bA3F718ecFE9Edb24b45207b73e0961c61a25A0,2529.6158
0x533792B7BBe5174662FCd1AC54f1EB1d79723Df0,7588.8474
0x56434fE0c9D4EB0cd2832370359221cDa84Ec11b,3794.4237
0x8972944B8EE7F5240D628204FBAE792aA32575Ff,3414.9813
0xFB81414570E338E28C98417c38A3A5c9C6503516,7022.8237
0xf4E670480905C9CF799C0620cfdC458E3e459d17,23901.0159
0x64FCFe6C8B5093cfCC38E53dC697524cA44C632d,2526.2999
0xb9f7bc73E4Ff8f556a0b14e82ec1Ad024fF7F3c6,2529.6158
0x691442A1c230A0877639ae92Ea3011B55410c88D,23904.8693
0xD778C17Dc5fc7a72bb0c1f74b2936a6fb9bb89CD,2529.6158
0x3A665d217dbd6DB8d74D25814780220aD88dfAF3,10244.944
0x7BeF9a177d88490F5184a5B5411601ac3743960E,5122.472
0xb30469C14eAD5Bc748Bd4De21a3BeD1514f65EBd,136599.2535
0x5DC243f893e3298cd49f52A28D5F9e8563F281b7,3794.4237
0xd6846D9D8f334926C44D50B9620211176e45C8ba,2529.6158
0x8Fa267b76B6d4fDA6F127560819669796dd9d5CF,2529.6158
0xBd4b238921C50c51e095Acec21cDc476A5FEFaAb,7588.8474
0x5293e8E97961d5EeEB3D7ff8903C0F95308278A6,3414.9813
0x8A4697C329721C385BE5CA67d4138AC91121A186,17707.3106
0xb17E761E921FeA8eA50c20656E807f9aaD1B2d51,2529.6158
0x60670Ee29d11dD3CE6627FE904576663E2D999a2,1264.8079
0x56725b23CFa940709c7CC3fd52E6410bC4537EA8,2529.6158
0x461462fc0A8c05FfB5B5Fe2e82B3a3aB292DB23A,3414.9813
0x34a81d5618a26e87747552C78EC29c38032069C0,10244.944
0x4BB9eEF5e3192F1f0D78F5595b0262a289A9783c,7588.8474
0xFfb8C9ec9951B1d22AE0676A8965de43412CeB7d,5122.472
0xFD01a84c438a01E14Eb278E6ae4E1e7Db9f80Fc0,2529.6158
0x524b7c9B4cA33ba72445DFd2d6404C81d8D1F2E3,2529.6158
0x33f5f1972FCcf1e9e71b88F26139Af7403369EcA,2529.6157
0xc3c79AF6Ef7a7684E2F35dc95133606203A330CD,10244.944
0x2F1D9c7ba44F5B72f0AD1bad2af5F9dF7EE7d508,2529.6158
0x49dE9eC7E35015799724897832c3C75aB78c55B3,35414.6212
0x6638606a6fdd32BB11cA266a1D5f3B757C39A329,2529.6158
0x105D56621CCf5C16993769be8d566bd7F48Ed6A7,2529.6158
0xEe7C4aCA7D64075550F1b119b4bb4A0Aa889c340,35414.6212
0xa209F48835C6E4D8bcAd9828acb2658b6d73BdDf,23904.8693
0x69320B80240242f2E9C3C4f27C1050F1C4ad1424,1264.8079
0x08Cdc04BEDc0793D610dB8bb4Ffc9fe5aA1753D8,2529.6158
0x4105a2b2695128Eb9E7Af7c90314Ff95b0AB9A81,35414.6212
0x40b1D3e63d8Ac322Aa328ECd384EB49AeBd79b86,17707.3106
0xe58058A98e439f8650c15CCad3Fc3149953a7495,7588.8474
0x3Ba26F7cCE4bdd436d2A3D1D5E3126567d3863d7,2529.6158
0x455554e5727401D01Ba5D1F83698d99aafd15E51,64884.6454
0xf6a5691f345eba2089044e3713B0730361DedF09,2529.6158
0xA069F2204CAB4862c861925AD40b113D158A5E2F,23904.8693
0xF01Be6Fc12f42Ded3E539DDC3cC93d75Af6dF4e7,7588.8474
0xCe51df1fe45afFC8b8d16047554A6F7A50A73DF7,2529.6158
0x5705f277Fa3e361279eBE6B00C22245b246d64c9,7588.8474
0x343b068073632EFBbe3Cf340f22aA7A38b29BA2C,2529.4458
0x762dF5077d221559fB499cE8311E1200f95C9429,2529.6158
0x69C670dE96a27464dA6117aAb3297dc2C12d93F0,3414.9813
0xeEEFc48ef27721737e316B27380e6e16Bf37cC18,3794.4237
0xcc4e91D3Be84f495DA23A8eF1f799a22B7801949,2529.6158
0x67dc382F08b920990072dc533de67ef186bc7caA,5122.472
0xaa99610D2b7fE4435f3E8a5785409e0F61eFD9b0,3794.4237
0x67a29c6385878d0C660eF37c9D435A570Bd1368B,2529.6158
0x442C1E0B7dD80c0dF5269E91C6474D20ee02b31C,2529.6158
0xc6f9724e6c65a9104C187c4B7e8d40e2CbC38ac0,3794.4237
0x0E95742d8bb8780512B883a3Af541678a58cC439,3794.4237
0x2976620776d8A5Aa79ae3051f9aaB497d57CD37e,17707.3106
0x0B0dACB043261D5cC26E255EF0d2e72cF40723a9,7588.8474
0x2548c45Af064a1f8c851DDd62E94294340017458,7588.8474
0x8129dC7054f6605043c2dc520fEA5CEEe437b15D,7588.8474
0x9D87c846546eB5F60C63e21F9AdDdA9E0090B26A,2529.6158
0x78284E897e4432259d6681E5aA0cc49fce03C8F6,17707.3106
0xdD3edCcB6990038D6c5657e4a51683aE4EC6D379,17707.3106
0x6d0Ae9552cc58E1f7fAe517e079DF7160Bd885F3,23904.8693
0x62099a761a5cb17d4F7bcDD638E21796325BCF96,7588.8474
0x8d93d89028393e94b69BF090AE5Fe9A532714562,3414.9813
0x0480Cd7aFbd45b5b3f6F066738284c6F6DDEF1dc,3794.4237
0x4ec07db70e767a70197e6B9Ed8D26904E3A63DB2,3414.9813
0xA9CB63C044B3639150a19bab0b161B485a2578aA,2529.6158
0x6dd08f183D81be595dD846D4018bb6CD121DC9a7,2529.6158
0x4D941f7B10a30E7d74c25BbD9eB929E4907D5059,2529.6158
0xB5923E908136eE1375Ba30B271e797557b8A4bb5,7588.8474
0x52280647aaC9Bc71f69ae619C42212AD972993C6,3414.9813
0xAf3CFEF6f50466BA7888C8cdCC62c59D5da4C0AB,2529.6158
0xDFeAF233d7e61DB615fA02317967807DAFc7fb69,2529.6099
0xd18726362EDCce1F03Ef232980f4E257aa8dec79,2529.6158
0x0462a15984A70d39505BAdC6337EDB90B207e8b8,23904.8693
0x164058CA43b40d73cD7848b02962E11C568073Fb,3414.9813
0x7A9cA6EBF8eF5Aacf1a531e89915E0596f3E0c9B,10244.944
0x79dE94F7db2800b4d8a56fd8A5BECef416BBd02b,2529.6158
0xFCaebC678cBa0c4997d0691a817cAB465919D795,35414.6212
0xC06c73f1Be2b62DA95e1bF2745CfC601Ae7d05ff,7588.8474
0xC63A7794b034471c7ea446d33bF344aB76F7c833,23904.8693
0xb14EA654FaA586A6adF0fEeE9cE5a7E41c3a949d,1264.8079
0xA07c1A5c7652C045dC6D434732B24469893d60c6,5122.472
0x33da3AF699e9c2aDAa0c5f7A73bBd15D9c2ce5eD,2529.6158
0xEBF6ab9bB136CdBa36B481a253f8f047Ec539c3F,7588.8474
0xe3fdC35660f39D20eEa4AbfA64782eA024beeB9b,3794.4237
0x363085D9eBc20715fC61C3337f293b7940529e1f,48062.7003
0xDd0EFC95a1a861a27EE3BB209B18BD7DD4E0F3B0,3794.4237
0x242A385E40217Ac2e6CDc4a23F19cC2E364E677d,2529.6158
0x4D1555EEcc1D3a9fE14816Ce279536ED55739c1E,2529.6158
0xB82CEF285C35B303b0393C3C089C0D1b9c9e9A97,2529.6158
0xB015771583a4C977EBB125Ed856F44ee7602Bf3C,2529.6158
0x1a8Fd7dF93a2d2B0c7322729d7f6c2400129284e,48062.7003
0x511fa879d9858E1363C550A9cf499DBd4a5D31b1,2529.6158
0x8582A91fB1953525528b5D738BaDD8Af4aEb302c,2529.6158
0xec2eba8b7c57C3800f8ac77264aDbAbdD96C1391,2631.55
0x82abAaE9504ac5a46ab04f736Fc4f578648AbF57,7588.8474
0x4cd1F8562243D8715aCf220F76bD7d41243edF30,7588.8474
0xcC91A8B326D943bE020A35B35E0bD68D61A80246,17707.3106
0x3A096b09384ca104D635b810102CBb869ce18aA4,47809.2215
0x52AFBcf12cE417ed3c2Bb213B40497A58731Fb31,3794.4237
0x69a1C8BAf95EE4A36dCd6E9BCdaAE42B055D4e82,3414.9813
0xcf50aC2f6C7A3A0dbA96a3BE903e3744AD91C8Bf,2529.6158
0x097e83D5317A217aDCDA36c76501C0436eDB402A,7588.8474
0x492E40E25FB5b0C7daDCEaF347cF9fbd52AC83f5,7588.8474
0x856b044077c490fdD657290cBAF7edB132BC01FA,2529.6158
0x88344a88DD7B31Ee7Fc92454576D38B710917d56,1157.882
0x8B5988BD6c2EA8cd217fd5Ed45FCB752f36DAEb1,3414.9813
0x36dD4a14ea8d546079D7b10EBc9d9f1feAf1698E,3794.4237
0xF7141967AFeA85e15B3Fff54bC5C22aeC1FfD785,17707.3106
0x7D4687FE16d2A9F2f144A6033079e371e102C54e,23904.8693
0x011C43251726f29717ACc90384AA4d8B1b9a806a,35414.6212
0x4142301ff759427d76987d5D72f31A2C01Ae7Fd5,2529.6158
0x899F31F99379dB5EecDd3f40e6Fa93C425F5BF6c,10244.944
0x4D67d7227BeFE2E6EE4E84AB130e22302006479E,2529.6158
0xC56882996f3614AE82646841473dCA0ebe090623,47809.2215
0x86DEBd3102D7663B86B2d83a5685344B6E167C5c,3414.9813
0x11b3b975115ee3274bfeef68D70ff97E9EA3bd07,5122.472
0x7b1356C22be696a086e953716388D727dC1D86BD,2529.6158
0x9dD9a8bEc3aBF5205DD74123f171250041968e35,5122.472
0x328e7f5BB6E787b55E127cF62fae160c827A8A3D,2529.6158
0x2536FcC34608316245B67Cc5F3dF6136E53B1fB2,3794.4237
0xBA7e12683A71b4bEC8FcE3db733576B399F28429,3414.9813
0xf45b58ecC7a4C1D9FabF4173946783538319fAB6,7588.8474
0x61f00768cB8E759A2D5C174fF5550098d2A39dc6,5122.472
0xB67ec89Ff66288813271DA27929325D03D51e1c5,2529.6158
0x964E7A58a4db4c5c761ea8176335788C7D6FBC17,7588.8474
0x01190aA8018B9f31C652c90240CF7142D96cF76a,7588.8474
0xDF0DaBa68F2a3E788D55F35568D92B31f1897BFe,3414.9813
0x785dCD95f29024adF86c896e7222fc9d31257aCd,17707.3106
0x5b02cC009a879BaeD3B98Eb439E1865f87Bb0B12,17707.3106
0x5b62019942865Cc459697B728c075e39a0AA5084,2529.6158
0x14bC9BC29C7B7FfA4571B976bba5adE17C4B03ab,1264.8079
0x6aFd7174890c8703cCcFFbB8B0bF193E696A229C,2529.6158
0xCb2926889F8456BE8388Bc6D4a4A49B025eBEc6B,1264.8079
0x05cE62412Ad270e8830766ed08676557E8631dBb,10244.944
0x716ec666a8066eF14D8B632E565f1D1Dfc9304a4,35414.6212
0x243C9Dc0f20e617326ab5aE34adEC887324af05e,2529.6158
0x9C2e1F4b3a7DC6e14Ce68F8B262302A1B1B32a82,3794.4237
0xD5aebaf496e072503Fa2523bA2a3E3d603ebceF6,2529.6158
0xf75cC573e5fF9Bb75F62A956F0e38A7375C0bb1b,27825.7738
0x4F16C5F1Cc71639dCbc5907cBE3dF96472b40624,2529.6158
0x63553B197e423D2AB5eC22913606C107ccD8e966,3794.4237
0x58B6F4e10084c7833A2667b38701f8AD78158253,2529.6158
0x781bD233a4fb4541599C1456c43C2E2963C6b929,2529.6158
0x10BA3300C1E673A59070927B85Dd49F030Aa9BCC,3414.9813
0x257135A7C3796Dd7d7F4EB6d297bdc97F6599831,2529.6158
0x1AFa482Bd6484504eB5b3b1b2569e5DDBdEC155A,3414.9813
0x5AB42c6B648BCE3453503429138168C163B9ddf0,10244.944
0xA7B336D9E7f748D276bCa12490b03ccBb4071C3a,2529.6158
0x999be7acCC1969a3E39eE9919aB3B56516FcbBb6,3794.4237
0x4397BB02E592eC4cf41B968EF2D5e862a8A8501F,3414.9813
0x0EEaa10Ed804dAb2230227eA52478d5Ea9b69595,3794.4237
0x443D778457A3BBf53FeCCE81EdB881d19A81C619,7588.8474
0xFeFF1342B4B20523442a2157B3f580F7f991961A,2529.6158
0xceCdaf055F8fEBaF9f5F02b9BaD846dcDc0ec645,5122.472
0xb0F1F5ab7E33d65D4bd98441aAdFC680F3A6001B,2529.6158
0x568631Ccc1b8F6E13b0C7a7a099520f964907bdc,2529.6158
0x31aD545EE19C8687F4FB681a18F4b2363b668b50,7588.8474
0x2975d3595339e85313A9ebA62086c02CbD6E231d,2529.6158
0xD36ac6b573875EE9dC78f2781Bacddbc476d6B0f,10244.944
0xca42Fb07d27615743022C7238b30CBa5c8c7bCFc,3794.4237
0xacf0301f2C6Dc6E0D17cE2b5563baBe95d072a96,10244.944
0x11a701e604542281C4DbB1ccb70bF4816b81B32e,2529.6158
0x840FBaE8A6496859E56CeFAaf8165565564938f1,2529.6158
0x243a5020075934825DE8d67A4C8ceCE2bbC8be75,7588.8474
0x0553DE939CD00eF22A82d0AfAe4b0fc4d88C1c50,3414.6157
0x97bB976B22d1da997E2E4Ec598cFB05877dc2EC2,10244.944
0xB1Ae88df7b8f4Fa977E8d9c2C71e33e84fbE410B,2529.6158
0xd52aDae0010F77803c7cA891c4A26e7874aFC7FD,3414.9813
0xdaeD501dC21523D55edCd2Cb0b25aa0eB40d311c,3414.9813
0xFE040BaD66f549328ce33684fd96bD0797Fb94AD,3794.4237
0x69494F8884CA67CF33FA4604E25e0431ee9F28b2,7588.8474
0x979279B7B2D4B93d8c60B84DfFe8dECb5C66Ff3F,2529.6158
0x12729738135459D5A7C96fd97D45eC427c7d5d0a,7588.8474
0xB3f511F490B650255CbcD98d073bC1EB86258C4a,2529.6158
0x1a95D0C59131212C06cBd824Fe1CF258B184A74d,2631.55
0xA3bB19647FB2bBCFF1B288C90328bCceD05AC261,7588.8474
0xd012FE20930dc53D364068b3fd929e4Ca1A26DCA,5122.472
0x0CfcB98891F35ae716aEB8Faee2f86BeEeb4e1aF,2529.6158
0xf09fEf28FBD43CCc5c65563Dd75A09FfebC4EbdA,2529.6158
0x6D752C49b89c6fFa042171fD7D1800a6Cb9E56B2,10244.944
0xd3Bf5C81FF43E8E5dEF0b37e5E83Cc0Ae34C2b09,10244.944
0xa885A01F09890b7b85C701eDBd40810a52B30f04,3414.9813
0x450762cCC88E437631B0438aDa5D0500aD5D9d09,3794.4237
0x465f790038E13Fb789de6a602DE22dd90D17016C,3794.4237
0xF10359b54bA32d01D8EdaC24870741E0bFb8c36c,7588.8474
0xB368e11d1214fc5D5cb1EE103325C6ef5c9f2122,3414.9813
0xd334d2C6c601B6A0931c49038443c065bbaC74a7,3414.9813
0xD37d3e3Dc8c50479C71671be52658C69Ad23B1e2,3414.9813
0x9a1824280f97511b00c91589A87dC8a907Fd380F,2529.6158
0x978223201108156fe8085F8E46BAA1D8BFe24B6a,17707.3106
0x6e7daD08c1891303F1B19EaEcd821cA29dBBbc6a,2529.6158
0xC2E0E99Ef8CeE6479840913Ce1a07ff8c608482B,2529.6158
0x4C3ea602AC21792f84873fcDFD6A3ca50a420471,7588.8474
0x94567ceaf4b896789d9476A301D33B73171f228e,3414.9813
0x455B6117123a869a01F9DF431CD5995B08B12429,47809.7387
0x118B14f60e47d6C59edE3765081626f85f67e3eE,17707.3106
0xC0546764e14233AE22D1EE74F33D1E94A64F56Da,2529.6158
0x2Dc78f4dB25c8815bE27b6D6134af361AeF43155,2631.55
0x3ba588faA9987A1E64C12425Aa5ddc9Ebf8f20f9,2529.6158
0xDe7d742f5A8b310F44b5717A0F7703C47B5EBf3b,2529.6158
0x8a2A563e4926e279FBDA1dd8765aB1a5a0B74832,3414.9813
0x0FFae46e0B6FcAd199383DCA994943583FA03984,2529.6158
0xE026597dc63981c587B54e1E4b03A6D8967557Ae,5122.472
0x74169f5A8eF140381efD12b059c768773cdB5dae,2529.6158
0x42238FEb30ddb3991c57Ae74aF2F05f26cF41139,47809.7387
0x2660c8607B7b79Bd5b940b119ce52516573D2A67,10244.944
0xC8b122195f3657578A4705721633308A4264ae8A,2529.6158
0x60CC48388BdA8a5167Ec124788ebAc63245A17ff,3794.4237
0x449394Ad52c468775F0CE1Aab7a26f02c25B3F26,2529.6158
0xd054b7E4966a86f85f6Dc6BF3d8f0e3707beAF80,3794.4237
0xf47DdFCba81f1D25AdAF859571b5E1d76cB76800,3794.4237
0xB9adDB2ce68a892aeE5334d283F9701B4c8590da,3414.9813
0x6DF73E759825f0488fd7931FEA8b331081adD215,2529.6158
0x7f3ACd5eb9AE7FDb51b085820db3EDB04696a6c0,2529.6158
0x57BfC70B53C54B2FABe5e49E5e92992396867549,7588.8474
0x9EF63fB972ea6718516eebDB5BbbAaD68C923C81,2631.55
0x3e961A6C6e7ace5fc08d0b69d48f3B6d85414990,2529.6158
0xb80C2690379ECc0b4AC1e988a747d4180fCE12f7,7588.8474
0xc10A7586be8ccf128160C75EC8315D6C310a976A,2631.55
0x11fd339E2BC799168B31e783f1a84fFb1CFc07f8,2529.6158
0xefc8070663103E2Cc4cb556C24d8150dc715174a,2529.6158
0xcB501B209b205A5ba6B22fa070Cb4629c213b1C8,2631.55
0x885C5e41e21dfa58373d3b83196E1b954974D3cC,2529.6158
0x1b96759e810558670dfd2EFBC0073D8e2C8A12aa,27825.7738
0xbe234864130527C2af94d28aC3e153C78137c03B,3414.9813
0x00A69926255f0D30e121Ad34ef4050d0c2fb2610,2529.6158
0x8FADd090545Cf406d039B3cD9100663ce15eC56B,2529.6158
0xEe46787509CcBDF08c1d7a01F0E94fe8eE4b53ef,2529.6158
0xDA8C160Be326E2F67e147E1B0BC4e5010677a168,2529.6158
0x36a123EB2F3C558aAfF35762329dD1bC48daab71,2529.6158
0x700D8a76b37f672A06Ab89fE1ec95aCFBA799F1C,3414.9813
0x7cc67BcDef3120333c5C084AFb54e532d4cfCDe4,5122.472
0x649C65074244D3aB1cD46F89E9c41E2c088ECa8C,2529.6158
0xC323eA1E77e9be009748532A8EC7ffc9D794722e,2529.6158
0x6DEDa6fFffF6fF8617E53f09c30A2f56f9d243f0,2529.6158
0xCE31627558f4a437126c4B93357111cD251f5b2a,3794.4237
0xF092088693b70A768188308F5EF3E789f75Cab3F,5122.4237
0xA82303BC3694f3b3F8a067942d0E5724fe73dCFc,3414.9813
0x5c6b020B366B23C6e41F9dd2C7502eFcc3C4157A,5122.472
0x385c083DEd8492863954172C89eB008e7bF6C7Ab,2529.6158
0xD51aD123360F284Db7BEf4d172E3d8270368d575,17707.3106
0x20cd3e1745D198dC6f218ae1c6e8833717E183a8,3794.4237
0x1E6547C4a0358c43d2E9eCb0E301E4d72c1E1709,2529.6158
0x2831777F3E27f2528Ab8183bdC1246205d763a9E,17707.3106
0x7944cd34270f80f5229cC6117D0066C832D60ac6,2529.6158
0x461E811d76E2e65B8da714B73064BA845e99d17a,3414.9813
0x724F4ef6f0f0e432C1E60F823266f3Dbce273B3E,1707.4906
0x1436E156025c99A63187B31a024661909a403626,3414.9813
0x6EFe4978eA25E1137bF396621B98419814c4614B,2529.6158
0x4F7e54E971B3aA534aF5520E8a701CA9afDaC66f,2631.55
0x622D6D9dbc831525C812B0452Feb25FB9Fe3DAe3,3414.9813
0x19D376B6d82EcC5849F6b6AC02895048D7Ff2e47,2529.6158
0x57b34EA78C80e6653d4d48f6aC6538AACDc86206,1264.8079
0x3ecFE3eC9965Da4fB93529012b308fcd3Ff11350,3794.4237
0x9b0b951bd63FffB1D0C227a2B610215CE47157Bd,27825.7738
0x71fDEcFB019b84Ad3459a4ff09AcEeC21bf17e0a,2529.6158
0xdE59b9d858621A865D3127899e9353CE162bC95A,7588.8474
0xBC5936BbB0B89746E66Ca4afc86278f144409eE1,35414.6212
0xBC1f2559D32a93D6996e68236914437c138C3486,3794.4237
0xfAbB1108A110A04bbCeA082546DF2EfbC6D7a48C,2529.6158
0x7Ef67A59053a177baDc633b43C2024806ef06ae6,2529.6158
0x4Dab9E6eaBdC2Dfc5C127E0c637A004BF9af4c5A,17707.3106
0x8Dd57f9689AF3a9F5183c413F0A9FBad4a549eD8,2529.6158
0x8D03A395CD9E68409967e4957D6B85ADaF288687,2529.6158
0x4229e2Ed47e9562f25A3633018D4d1A97ba8EA5a,1264.8079
0xabAF5ca04f6490f61029EEFba77E05367d75Bc9d,1264.8079
0x00c678327ab00FE5737Dbc8aD46275b0239eBfAf,2631.55
0x837eD29dE4cab664C550b721Bf26DfC028ef6689,10244.944
0x232093310ec4287b8a9b213AEEB7A10125De8272,7588.8474
0xB13dB9b8f11BbC937FDAD3D12e9bE2d4d5B07121,2529.6158
0x11F42df0FAfE0e92dC08DdaA3460F356c46B0C7F,2529.6158
0x3a603F4eb656fc3DAeEe7FC2DF0A25CF7090F95b,7588.8474
0x72FDd548da4BFEA76bFF0E2F159152A66F11e470,2631.55
0x9C447aC4a2F367A098116F271Da5cC57A8d36075,1264.7229
0xe3eb2d64d26777fcae2eCe1bdB7773E97169CDaC,2529.6158
0x12e46d73B1ffD1107c6417cB77Aeb832053bC4ed,3794.4237
0x530A6508c6efF67019C7E3c5442e8AB2ceBeD4b1,2529.6158
0xa5e7493e64ECaD090AfF971fA0B58107403b38Dc,2631.55
0xaC9624ff7A1d35C564108eFB490c23FcB23Cf99B,5122.472
0x9aa21f3dddBc47474a4bfd9275a2De0E145E79a9,3794.4237
0xE468038E411E37f7f7B369e6819463107d25f435,2529.6158
0xc432d2F9C27b3e89C3fFF42E840524Bf64F416D6,3414.9813
0x8232B6DDC8cC95e2BCc3C02d6b420488BCe34433,7588.8474
0x034A46c54E45113C7A738bFf5E5dD09DaAD87Ac7,17707.3106
0x8d8618D13E25e4F30C3D4d53c553393c067E247d,2529.6158
0x4C0AD726D6EF3aFD6607df8528786d313AA05A7b,2529.6158
0x4130B19554E2Fbd70C34B4eAaC2a79D51E875a00,2631.55
0xE3744f1A8f42Ee157B55E9415c8BCae2145929d4,2631.55
0x07473Aa32353f73602cCF795c3816418574f8f27,7588.8474
0x51FA894C4A96734e8136e3fA6Ffe8CB76C37DEe6,2529.6158
0x7a83b30B326016a812A8a84978c61D12e8B2bAFa,2529.6158
0xDcbad829f5124aA0001aD79bff02b5d69B98127A,3794.4237
0x7b0F57474b80803e3f0A20E635A63b89CB76e742,2529.6158
0x2ff12Cf12CF42B688432749c63e5B2a631fB88f0,2529.6158
0x0B0c94A11106469309570Fd847Ad8B0b6BD9ab7F,2529.6158
0x52FB1293B61348162a62F00dC061CCD2f5cd38D5,3794.4237
0x122422cf7096641A66c42831FC5Ec66f703bBC49,5122.472
0x9D13e854E686D622F71CCC273eD5Ff4d872E602a,2529.6158
0xA06e989e8F43E0D26F117F4267988be044976d6d,2529.6158
0xC44b027Ecd677b310f15d54Fac8C3D3529Ee3D3E,2529.6158
0xFcAC63B97Aca66cfFB4AED2bA80E5eF050137EaC,2529.6158
0x870Df976AD2767308b18202513775706bb2a30A3,10244.944
0x2909DeA2cB837D3A133102802cDD5283bee14c9d,2529.6158
0xaD77164FACAf1f767De05Cf0d39da768d61cCFaa,3414.9813
0x23D0bAc32491731B02F342FAb28A26F129F1A250,2631.55
0xD79Ee3be5E0154Cd7540A55cc4f7E44D78a38B6A,35414.6212
0xa24E87CC262b07624aA49281a91763eA1Ab879C7,2529.6158
0xd3Dff517e9767dE007129B42606Cd23ACDe4A067,2529.6158
0x50f41045b5DDEc5B7CD2D0712D679cF320B6D6DD,2529.6158
0x4dB3F5E3194186c8b04b8E64F6573e6428256229,2631.55
0x1B67Ae76FE33adC8F5Cc576720f5Cb6DEa770063,2529.6158
0x11bD7ec08f4eadAbb7E74001D399F15CacFc99b6,2529.6158
0x8D45f1808E90C9e61A58f5a054481c69Bf17e1E6,2529.6158
0xF2D57a394701d7bFC5EeB530A0CC9BEE40750b17,2529.6158
0x7C12f55043C6Ab71ebD91969e5f9e476368335E1,35414.6212
0xE50bcc227c2EAeA1c1292E32E5f54bdd90e35ed2,2529.6158
0x57e1673ae35341f6eDC38314c94a7732F0ed5847,2529.6158
0xc450Fb36b509f76657B14B5bEF504AB69F9aC25F,3414.9813
0xbe6381A089F4A74dD646aE92160945916D10f894,2529.6158
0x38e51527133EdAB26f7c1dA5e3C2415Dc5069949,5122.472
0x3213991e25e1eE043b7271e372c5D5a4c6123EE4,2529.6158
0xeD7E5eC52c37a58C8c6A80359eEd7297384A0442,1264.8079
0x90F3c56bA410f68bD1511ef7af2097cbBF2e73A9,2529.6158
0x2Af482311d5B5739323C1424A27872388C2ddD19,2529.6158
0x56c01CbE642D4fbF603d6F032Bc67A11E30622cE,47809.7387
0xA5C385848839693D497E4507F37607bF5262D3d0,2529.6158
0x1bf0C982238ED37Ecb19bde7Ee5F479B70fEC67c,3794.4237
0x8454E1EE9a5324a291516B95364a929d723B2308,23904.8693
0x112AB9c1b1d0E4b5A837ad1EF629a469B3CC7F38,10244.944
0xd88551403e1C6B50936B9bcDefD852e195BB0857,2529.6158
0x465F1ABA0ac3bFa3d1ecdFb32602b05d89784612,10220.3974
0xFabb6b24aDbf96e7892E3D4B12b29662078C6d1f,1264.8079
0x858BAb63629f8b1BA4679AdC7765A6dad91d5198,23904.8693
0xe52a30605CA5e7cFd87Ff28C304c296E34DD7c59,2529.6158
0xd88D0dE304381c96d54af059Bea11958827Cc322,3414.9813
0xdb043d0298541b5575594682a8005dd33dD669d9,2529.6158
0x1c5f8e79177Fa81E08D1F750111E95C543F55F4D,35414.6212
0xe7D57c3e5c78EceA85799300A94A6a6c42f60aB8,3414.9813
0x03b9dc2CbEe245c92378B981be676A075170A449,2529.6158
0x2e967C1493fa3A8a405a9b8d5cA5E39a6bB5f338,10220.3974
0x0a968cEA8D90b0ffC66698baaA11b447aBB4a261,2529.6158
0x3027419B08f62840067726f760913267d41885ea,7588.8474
0x867D6D50cf26cBEd2F64671D7D94f392F4Cff40b,17707.3106
0x29a9c89bD45de1f66108d614d21Ca9Cc88B65B2B,2529.6158
0xed1b185008E82400AE355E648e09B21F0F06A8EB,2529.6158
0x389b8Bd4FAc72ff9Aa5fD888a4B3283Ac4c14b28,47809.7387
0x7003afD5b2a9ea5F9D6f0D47499624914BEc40d7,3794.4237
0x3aaD1a7C11eB24a9FFeA2e8553e8402ceaD7F278,2529.6158
0x70bE2bFE60d875FAAd5922F2379aF1a0AFC8e754,17707.3106
0xCB47bA2eD5f9207dB473a4b11bafE250f0931929,2529.6158
0x7b2EE60b27be89987389F55D234Ddf7861443D2f,2529.6158
0xE596Fb5CA8a9f3ED337e3b586cdDfbFE9b07E3df,17707.3106
0x3b83f25de2d45d4Cd6bb367020b5d933f1151dac,3414.9813
0x888277F5Eff9495AdFD3dbdd7Ec3016199A6b6Fa,2529.6158
0x5CE11628f8B777EA648Bf1cd5735C82ee7c7CED3,35414.6212
0xf00de90857599Be8478845b49766429347768b23,3414.9813
0xc14597B5D18902086323925ca2c89289e9c02693,5122.472
0x29A9cb634CF9077a93Fd9cb119AF0110Dcde01C1,17707.3106
0x4e8806732C35F842B82aB9891f43b2A06E272213,2529.6158
0x3B6AD3ABcE0b6A9cb4Da7C0a0Eb9cf1F31ebEe97,3794.4237
0x23f8b988d70D71bB1D3354D6511cED807CDE0724,3794.4237
0x9eE80Ec77BfafD1c06146b359a6B054D1231134a,3414.9813
0xd346f1E1Ee3338e99bC75aB368574FE71C2535b9,2529.6158
0x590aaFEDF5BB78b2870e8E7C08DDccA9624D68CA,3414.9813
0xfD151A80053B36C7110b34481C9bf988718614D6,3414.9813
0xe8961d578f0eC5Db42183148393095676c93fccE,2529.6158
0xE361c248905060A961423ca8F52F4a014A4cDa87,7588.8474
0x02e9d3dF4a4638b1104db32B91B378B0a8020044,2529.6158
0xceEA5C29c6f314B436b26EDbB325BFCf4dcf6A82,2529.6158
0x2EcD8dE2C2bA2b2319952bdf5240AaC505da410c,17707.3106
0x0009b95a35b3B521B10Bd2Fbbdf91e8D65eEBb65,3414.9813
0xFC37A4e2646CfcBf9Fe10165cAC369a1B886a619,3414.9813
0x1ea53101Cd651F5f409673Dbee3D3640FA4e0c5b,2529.6158
0x700a023F22C4a4fBFDEEd3d00B951Ef8eA932bE1,3414.9813
0x6267157D9EfE0aed011868CE79E7eeaa5536d6bB,7588.8474
0xC7f3059C16Be2E945210bC74A8D2c286F02379c5,2529.6158
0x639dCebc2348e1a23a69Abf4f25786fAdc51bd31,7588.8474
0xdfe87a813505daD8D920C79e827302b22e32E036,1707.4906
0xB0E74D7285CC55d486dB4594cF4AE412C19a9eBf,17707.3106
0x4eB83e70B7B0085289fd2eA60A77Ff8e5c111E7e,3414.9813
0x3f3aA32081B7B1f9Ed3f6D73eB15ce7ddceA5584,2529.6158
0x15402F99d942897703D06a0996d315176B0b2Fc5,2529.6158
0x885505170d5be3C40E3ae37FA6A6AA34E626db7F,10244.944
0x832deB9191FA3BadfCDffF4E18A38020E7EC7366,3414.9813
0x64DB0a83d038794e650784e61093aB27F2e7352c,35414.6212
0x63dB549fD61647712ab1ec613719e557107BA273,1264.8079
0x8e99f65FcF9Aeb19bA62bBcd33eF8A6Dd0b74AF7,2529.6158
0x50cd1712a5F1993555D4FF003e91B372B424094F,2529.6158
0x1a38e3cf9deD7f5f169E60D83DcCafCB947bDd93,17707.3106
0xD15B7942EE7A35bCC7bFA2fD0CaC245007f17B05,2529.6158
0xF8bAB0A81B0a7780Ca9f456880A66B2FF642e041,2529.6158
0x2A8EC11FFA007DbA2682DFbdfB47A3e051941424,2529.6158
0x02220b7cC26d8Bdee65abD34D6f34923243F277e,2529.6158
0xe1F5ac8126bEe37DD1121aAD5f42A994b857f3b0,5122.472
0xB180B0879e05aba3D2792379Ad0cCb1Aa58676b3,47809.7387
0x06ecd3820dCE5Bd03BbC509Df56B68E9566c1bA3,3794.4237
0xD63E1192c2754281d210fa18e95277c20E73F913,2529.6158
0x55C6805fA71FD6DDc01Ecc5acB5fc82dAFe930c8,2529.6158
0xb41d046748a4A6AFaA737Eaa345833200Cf92FB6,2631.55
0xbEfc9A43485BEB6Fc9F1506e2eA3d177C683Db98,2529.6158
0x2c2E84B3Bdf6c4d4A8232bd6C5006484B0DcE81B,35414.6212
0x64AAB5943E73DA32a2c6f652671DC5fE0aEdcDaD,3794.4237
0xF01EC1a8612feBE272b1Ff03CbB11bb4a5A0C373,3414.9813
0x6914c7a189e38328A8df135425737e397BDcCe23,3414.9813
0x1a2CD4599Bb45a18a9daDbC6A7a1e93A2fC15781,2529.6158
0x87C8bD386fAE7090b0F853A09B6228E266680156,7588.8474
0xeFB991Afb219D7eD2fa8E2C2925F8B8B42C52E7B,2529.6158
0x5193D3A7332728226c2CF3C031e42901d09d3189,3414.9813
0x8f78BD32d64ab263Fb4b2F8EE497A63087b9d319,2529.6158
0x126465bABD864bBed79946CaC1Ba36788748974a,2529.6158
0x8B49b670c89f0Af97ac2bAbf7F9FD21b7958d523,3414.9813
0x5914e43fB43A44c76071f4aFD59FE08E0BBdB5f7,3794.4237
0x46E28F84e1a3FE94d102540f27bbba8515F448a9,2529.6158
0x5E9C1cf982fc30EBdb423ae27b3bFeF162EbfA0e,2529.6158
0x0E814c0aC3E6A850D3809BD31c93009B768A14A2,5122.472
0xd5eaa7a18D77B9890aFD750a96c6476682ABEaf6,2529.6158
0xD23b1D2E84BFAb5036A7C2C04d5111661F48aC3a,7588.8474
0xe3992B284dA1380512b18151c005B587A5BA233A,2529.6158
0xDE32A61ACDd023fE38c994B2d1CB795b2f374158,2529.6158
0x0F3355831f7795577DD582e8A6d64F3099B18DAA,2529.6158
0x3DED2f525A5B0410Bf94a1177B7c5Db2100bc1C0,3414.9813
0x3aA46135F991d7Bd0227A57e455e06D96cAFAC46,2529.6158
0x52552c786Df059EF4e95B81C3A0A602795916758,2529.6158
0x32371B624FAD61FCc122813Ac42ec6F8639F7fb4,7588.8474
0x13980bD8A01D596cD3B1b26bA401B648c5e3b0ad,2529.6158
0x200C51862F72bC414d553c81a2f071A2996FB3f9,2528.9999
0xf44d4Cc6aCDC0b1974F8c7665DE78920Caec6fD8,2529.6158
0x8d92696FF4E0c9d4F62C9f1A9216B04e57Ee0056,3794.4237
0x63ca82455fFE27B9A5Cb578d025BBF108F084A39,2529.6158
0x13077a929172a56743D5390b659B793821d54B54,10244.944
0x853651aAB338B12D32138466380bbba32A223217,3794.4237
0x71dcb7d04Cf867d8A3F0F7FA1AcEE9B3F9F295B3,2529.6158
0xebd3AaB8fc68D9CfDc0b6Cbb164C9280322F14b7,2529.6158
0x0598D2c365A5661032a91Da03ED74E298ceEA67b,17707.3106
0x812901200945e2611004f75be4680EbCdC73FAea,2529.6158
0x339C907a585e02142EfC28291277E91D85651825,2529.6158
0xCDdd9dbB7c507471fe3139973dFC5A467269cEBB,2529.6158
0xE4F51Db1525f4bABcD6c34C0Ca8a631e0B4E3249,1264.8071
0xdbaD433968E277945eEe949853846939faDb9ED3,2529.6158
0x938476b5fbe0DAe70D65a5e40c52a734116694b2,2529.6158
0x2Fcfcd26705acaD289C8B2018Ea68b51D9588C7d,3794.4237
0x9d2CBE66603f87900FD662C753E81944D90B0f15,7588.8474
0x0379FA8Ec81CbFa7882C7583E071E38afac01A4A,2529.6158
0xcfDEf0Ab9387DffB804AE2D66C171C15024dC58c,7588.8474
0xd4c80616F4Fc4E878baB090C74128b3D52aac871,2529.6158
0x7663fF69bf771b8dd2bbCcF4fe3B4AF529a9f962,3414.9813
0xaefA0C945f4A47d8B902D04184D3719Ce46C2Df8,3414.9813
0xAC16002832c60D7166Da7e1d35D5988Ce17EC1ac,3414.9813
0x72dAF9866FCcB8D870ce434250e3860420f6b9B4,2529.6158
0x41E26add60d04f4D6EFe57BBE4fD868840aaC463,1264.8079
0x8dF3af6c59D1D41519998215D537436D5f47CC54,2529.6158
0x214C8ECE4233DC3C99366D68cfa0c3900A448706,2631.55
0x28417F874b1724Cbf042b93297DE86f41d45e895,2631.55
0xEc263CB2f47d2F7358FD36715F6Bf4e25EAd530d,1093.4677
0x5Dd4803519e726373e6704B44B7D789A20403B29,1499.9999
0x73Ad3Ccf3da744B07520Ef8F1c0FEe94F338b50d,2529.6158
0x413b26246f6eDb5173C3ba512c67531A89E1a637,10244.944
0xfA76A1Ab187C22253F9Fa0B9194949b1C9239488,2529.6158
0x2ac4C7b43AB168a70891921f212a4cBb19A5551A,2529.6158
0x43634D29B94268BaD0eB63d54E1C92362048D2Dc,3414.9813
0xC289403317518a547e3920f6407CaD72B600f340,3414.9813
0x1B63101d10c19F712b254bf2C3A90FFCd1a95d03,2529.6158
0x52Cc71119317abf0B128cba5b5d6C911FD562756,35414.6212
0xBeF1FeFE4Bb6DDA516E9Af3A3F793d182cf053Bc,3794.4237
0xe4E84D9fd7bb8500f1DB9b2A4026510E9B0F0e20,2529.6158
0x67d7880fF749b7ab8A7B0D853224fD94269344A6,2529.6158
0xfa96dac2a5A63E06f03570C6242931f6037755f4,7588.8474
0x2f93867AE159481BfF334041E57197e0129cDC38,3794.4237
0x7621fA2CC6BA5Df8Dc4f289f279020256449AE63,3414.9813
0x1505a954Dd4250055df7DAe28C3BC3A11fc5702c,2529.6158
0xaDa681044B22ce970344f6eA31b08425738D52BF,3414.9813
0x0c3A0379Ac4c74771d615AbD67Ca261ca32cb003,3414.9813
0xD5a706DCfA853D927977c40ace1C99C705315b1C,3414.9813
0x26FE2C64205A9cd962c22446164e4cEd1B6C2231,3794.4237
0x4f295903e31160432e1ef63ef8a8d97419218f85,2631.55
0xDea488d3a7C0e9f576c3BAF823700fbC940027BF,136599.2535
0xab4E1205C95cD4269Ee3EA2cCA869Cb168e144df,3414.9813
0x66c019ea05188Dc7958bd2356d010Ece0F73edb8,2529.6158
0x4b420Be2aD900788b608f1e9E6a31Dc488fd715c,2529.6158
0xc14f3a6527FBA3eEAAb4C81253C8cD845BC263B1,2529.6158
0x70ACe48B8c6E092Ee99D6fcE4d5E4eCe6c612B6e,2529.6158
0xD600d67C78f968C978b9F6F5B7F6b66898f70246,136599.2535
0xbc5a2C1Fb571C71EaFEda0cA35C1e836A5e28294,7588.8474
0x20bC75686ECcd99Fc1911Acb228b4F72301D2978,2631.55
0xDFdE15ba3088eAC8AAB28D4512C28D4E26b0eaAE,17707.3106
0x9bF57a013B0fDA4C578Bc131f5Ce9b35bC201151,7588.8474
0x0763d417efEf2E680050a5788109f8754D731a5E,3414.9813
0xb802330248a2e60E05B3df0C948862B208AD4f14,10526.2
0x14c34415856dC8E6e2bB51D9e1840308a37C2A56,2529.6158
0xEC2efafDE8C9FC53B70c7e7C8f4be4E20024066a,2529.6158
0x78AdD9d3A69E8624dE2F8995c9fdCa0cC4582312,3794.4237
0x79f338B8245D80c40c3859454d5cdBA899b6cf61,7588.8474
0x2bC98B8f49ac061BfedB0BA063283a1F5BCeB292,3414.9813
0xf75c188aB305Dc41148C102E33276b9728515724,3794.4237
0x97219afd7f2A54C82601567305eD54f6eaC7D41F,2529.6158
0x081161027d3133F988aE44F0b6FC9D089acf3Cf9,2631.55
0xCcDB93DB8c9B5Ebf1b42126C6D1cD5b5C9452136,5122.472
0x35cb67261CCd88988D99e78AC3A92a4CD215c46F,3794.4237
0x765d9C485bEBb431872eA51d000A20623c1E5b94,3794.4237
0xec099869b7fA9B9a13e97829C0b7C50adF7A3428,2529.6158
0x67251A3086802DeBedb9aE026ece57f67d2EAeFf,2529.6158
0x177367227718EB846c5c4efc4D5fc3F4500edD9e,27825.7738
0x19b9f7e7D6b0994bE9CC5d5004A002E623Ce64dC,2529.6158
0x0327c51785191097ecA376FdbE6915678eE4B4fa,2529.6158
0x34e96E47ed55A37b44E521b7d1438363AE48f68b,2631.55
0x3c01B393A73Cf77697dAD56F3f91f55C8D971E5F,27576.9839
0x76A38788aAAE8fe4f4BAa03e4B59fcd440d96273,34533.3345
0xB5a6f19BE922161d33b0626E6F8ba4280E121e84,2529.6158
0xFE1A577d127695a8E80f9F82ff1089370b233F87,2631.55
0xC5a444017B9975B80F4fD030BbfEa138058a5E67,3794.4236
0x54c13777A9cd4797885F54d719f836e5302A6bB4,48062.7003
0xe401Ad8A1635B107fF22bd296D2F927D77B50322,2529.6158
0x6c84eFb9844b4C5779B8186B0d1aDDf2Fd927484,2529.6158
0x6C7c4cCDEF88529E34F3CF494335Bced753AFA5C,1707.4906
0xA26A2117bf0eF62657366D699c2bB8d112F03864,3794.4237
0xc71c45577009aaEEc7666d9C6648022b4A34cB01,23904.8693
0xDeEEAe919935C224C7705B67b48243b82c70F216,2529.6158
0x4D631994EC33fE491c661E2960725Cd496d105E7,2529.6158
0x886713B4FE61767BAF8FEDB2C54D98E473c2518a,3794.4237
0xa798e907cc843de75a6a0d1Db08D21EC327fC8A8,3414.9813
0x650D430cfF7F15C59E5C7D6b8d369e9c8f442512,2529.6158
0x757a537f035F12f694c75eAEB0274020d1FFdEF9,2529.6158
0x9f9cd2039d509BE87bA5B2e2101C819cA1718f04,2529.6158
0xdFB5396f06bE50eAA745094ff51d272C292cc218,7588.8474
0x2Ea0188D6C2FD185a4585cbac6edbAC057286C21,17707.3106
0x8c9a5E00EAA9D70E43c18E09599692d646851231,2529.6158
0xd5612cC03EE7AD113d54Bb959a111De7E4d3BA33,23904.8693
0xdDbe82A61a7b61Df7019Af3A4c8782e4D3490e50,35414.6212
0xF8Fd2624E5Db4D6c3c4cBc47f2Bd9B46c66dCED7,17707.3106
0x8d7797bf7f9689fBE8ad31966f83D8459c0BB9f9,1264.8079
0x5E250eD6464892C2e533CcD8E13ac8000C281984,3414.9813
0x26b8Bf9e1387F984d970634aA0218FADf034b9d1,7588.8474
0x6E4bBa4917ef05C06a5e9282BC858f48591Dc11a,3414.9813
0x0687d0E6BAfE604D016e1c4F71e10F3CF41eD410,2529.6158
0x26406f779827634a1935569D512fF2605545Cf80,5161.1658
0xf9d7Abf3C7F3A053c3f21B8908687F16311338e0,2529.6158
0xF029cF0e783cd7c2982aa6e1d859EFC993c60E3E,3414.9813
0x806f10408901778987082CD7D79feaD4eb89a1cA,2529.6158
0x7A617cA9B85F2cCC265E5d6037Ee3e1F7aC21f9A,35414.6212
0x0b1C207A7b7949201648095b5c9F8B27E1Eb37e7,2529.6158
0x0E31F5359288600A77645C60C904C4959254F4e4,3794.4237
0xb2D11BD09C74076f0C071C7b0Fd0c8ED03071F6a,7588.8474
0xC3cc87053A6fD45c47cE6ca23dAdb34A17Fc96fc,3414.9813
0x9bfedb06FCf0f58a15b97Ca8AF0c471792074c40,2529.6158
0x15c863DEffc5D1A50DEABB364Cc037833a34bBf0,3794.4237
0x2c69f8Ab476789969f5B02EfE389a6210DC2DEFD,2529.6158
0x8f9BFfe8b4DfAF97a5044a35b603E1812E7aC209,35414.6212
0x0D999964dB690b13aB336619134E2Cd0c3Ac0aCf,2529.6158
0x415720A5dc8FE476E2184d3A0F9714dBf6Cba63A,2529.6158
0x17c4898cB126E860c9a3252F65ad9091A1C1cF6b,3794.4237
0xA11052Fe46971c85b2a00F9c8D20b499eFC8fAa8,2529.6158
0xc25a1d895376caA8C532e39566B1620d3Bb740d9,5122.472
0x044BC4235eD4531Ac0E9d5b83c438777fB7C6989,17707.3106
0x6d98Ea7492E391C31afF31cc7c2A78145504377D,2529.6158
0x9985bbCb5b69A76A3419324E3e0f4d59830f8026,2631.55
0x7ec447453dB2Dd378e0D6D34445C2f09B4077046,2529.6158
0xD26F345f61dA3573d017f94c63D5Ad02D88142D1,2529.6158
0x05a19438E8C36f8FCC96c43a8e1d013CcCEcdcD9,3899.6857
0x3A84A476e5C8F2A66E46AD3915e1D8fdab721ab3,3414.9813
0x35B38298E065A6f00f9d5F7F53959Df16dce0071,7588.8474
0x78e6C16F220B98374341c46F871bEB20Da357587,2631.55
0x80192Bc01f35C090860d8a4B75440a34E7585F88,5122.472
0x78d08a94CA2dEE362373ff5910F52ef3A0a2ba97,2529.6158
0x26f88d00949d713483fB4537AA10194623A0ffF0,2529.6158
0x936D24d7B94E93CdeFF4Eb8430562C1664dCB8f9,2529.6158
0x733f95CA0185bA65c1Ab4eda0D576360a3888c44,3794.4237
0xa466d80AfcF63057a0a165E35745b9a00D67eD01,5122.472
0x2508Aeb622aBBC67EA829df848e47754D620e9A3,2529.6158
0x0CDB6F8845edB7a3F58E3AB2FdD77E5DE10FEe43,5122.472
0xf9ED530453CAadC7f894C6d33FE727453DE0aCCA,3794.4237
0x2e5601e52912BfEd0586Efa03d1134f1Bc2d0d51,2529.6158
0x442Cb4777201E329700D0bC5054Ab92CF0A891A6,7588.8474
0x5993815a7f8116576A069f4d2d179ab2b44D5463,2529.6158
0xBCfb2148d6Bd276F29C7Fc8443d4C4D45Ac9AB31,2529.6158
0x8203dd3239339FB9EF937860Acfaf8F83797C8e9,2529.6158
0x9D654DF5Ed36D43D5cE25fbFC12B76249c361582,2529.6158
0x19cbf7C12999dAe92fB9fEf130AD0899673b0cDd,2529.6158
0xBad43d823f090d1913C16c456CA329347A8726EB,3414.9813
0x929369f8b26457C1a66439900bCd33b249876C01,17707.3106
0x912aE7a372f39541a681176a5208C170C4DC606A,2631.55
0x4d3ed1c97A2A9dFE3E6ac62Fd9602FCbb5DB8191,2529.6158
0x1B504F0a93999E8e4C34789510a791ac2de80FfB,17707.3106
0x47bbE98830f7D54bDD2f0F497c52027d79482b10,3794.4237
0x133937476926A1A9b93e7AD71a4af2F60df31c0F,2526.288
0x10b3284d948D588c0F5785006FB0d9Ba2F7Cc0B1,2105.24
0xeD796F9e412dd231bba84b077C109e354b0Fb555,3794.4237
0x5373e35D12f5137034aA594968d21783043D65eF,52631
0x4d59DF58d71c18FfEB1Bc7951Eed01a603E08C92,2631.55
0xDEfc8eE1683D7D78647C0F1E7147482a9a862fBf,10244.944
0xCe60790Cb8BfEC287966C58d30863Fe10d87663c,2529.6158
0x7bB955BEaAF0f9b69A3B289cDB860F77Ee86B82A,2529.6158
0xce9D5883aeb6142f666ee2e5C245cF73E68398BC,2529.6158
0xF08093D91A40a6Fbe803924A150Ab17721559A51,1264.8079
0x4f37f3F9f9Fb2Ebb56ADa6d8F7A3A9289592EA67,7588.8474
0x6B93EEE34a5A9F811f1C0B378c45922D5868896C,3319.0808
0x381dD0d6E832a6B3f9ADE8073592dbA37fd55751,2529.6158
0xc68Ef6FF6Bd76986ccd11C0842e9111e6D23EcfC,17707.3106
0x4EEa8063122900FD501B86671BA744d56a07AF2b,2529.6158
0x8F3586D8AD7be42F4100547FAD47abf6CC55cdd5,7588.8474
0x28684d5EbFA18969c2ece6f525048DE49532e17f,2529.6158
0xC578e5ba6962F59746261b507aee8b9520acF674,3414.9813
0x3E1CECDc3d15Cb03e91a60470C4453f4fBFc75F9,2279.5118
0x129763b470F667C008F885bc363B15afC867282a,2529.6158
0x5321714eBc39CEF8775FAc7AAD6A9a217EF2E32d,2529.6158
0x783A48e070C82B0E53780dBBDE314028CcA2bd0A,2529.6158
0x8a0Fe6F8dfD35edd319FE7E09DD2db5033caE098,2529.6158
0x9fbF2b9244709dD346a33fEf788084Bc9be3084C,2529.6158
0x61AD85DA6Dc5e5562E6510A3b1b35dcA647338CC,2529.6158
0x0181Cbd219fe6c1D8B19269540c42eC52aE49E6B,3414.9813
0x4197A2cE17effeEbF9ECEC8D278f65bAB7B3193c,10244.944
0xCB0BFE80D35080f4B87dCD4Bad982bB2B5E2c281,2529.6158
0xF0b830fB6b31a3aaC77fe37b6E946bB6f5c83744,17707.3106
0xe94302d4299BF61028eDA118410e265a2EE5329d,7588.8474
0xC2EEc7dF842821996d77b35B68AE8A1600906cFC,2529.6158
0x8BA78384872b48e72a0b7ec8ae869dfcA9568518,10244.944
0x137Bf1CA961A3E93acfFb36f924BC734849dD003,17707.3106
0x92e83ED1dd3BF4b8B905C98274545ac6ABf7B638,2529.6158
0xD54f6DC09FdEC7D9c3Dd7d7F3fEdaa7154f4836D,3794.4237
0x1aBEE6879BD08cc164c1ebD44fD71399f1529205,2529.6158
0x37B59f60585D554B3171c01aD2b4d6fA4bb1d346,2529.6158
0xb891dEE37243d105E260CF30676E8afB6D95Cea0,10244.944
0xaf0D2ca4Ee8403631a3446fe34de7A1053652D30,2529.6158
0x9b5d0d0aF9A55bad668d906862B8959E2a7B38bD,7588.8474
0x5458595A154AA6B6b44F92A68F209be2ecA9E9F6,3794.4237
0xAB0e233983bdAdcA4E10a2eDd0fc8374aFFfE321,2529.6158
0x4f89A96aaE5d3aCa50e8483418D91C87d777776f,2529.6158
0xc2f36e3376eB776e9ee4442E5c5422A64C7eFD7c,3414.9813
0x532c0E380eA696a7b2484f917988c0F7243c7aad,3794.4237
0x3F2cDDAf6beb535E21D8Dae5347abC6aD886C936,2529.6158
0x158FbE9C1f21225e499E331e6b18d5C516A897c4,2270.1393
0xc0A86eF92C61Fbc839A6F4e068c8714cd62C9188,10244.944
0x2f0F986070138C2DF6F76feA01da5E91a93935d5,2529.6158
0xD11c7956ee7fE07605111f1cFfA580f6826235E8,2529.6158
0x277364ea4882bf6723b7fc2869A09C6d926b6C67,2529.6158
0x76be491293EcD94651d90B02d2fFA66c96bE273E,4947.8699
0xe6F973db218cB6F8d7642B4B8fBbE5201F502e1a,3794.4237
0xcc85D3B7fb301d347Ff4b6139e47f5a65A09b709,17707.3106
0x7Da7CEAD3bdf8bb374c9C210B16C43Dd9AD80C46,35414.6212
0x4DA1eFeFB6EC6109C9eC4DcD296246a183177359,2529.6158
0xcDd504A092Fca4EB92e9a9230fCe99593757a90C,7588.8474
0x2C296020Fc50f6560a9D1A77AaC97C7CDa765e12,2529.6158
0xdf6cad1273A7917e4c2A29100Bee1becE809f2aE,17707.3106
0x50367bE5Fde4EC65eDA56461F9675B95C2144a02,2529.6158
0x59cd6866E486a479273da2422ca083048Abf541E,2529.6158
0x18BD34Ba9c5187B10c372e81D24525a07f89e51E,3414.9813
0x0EE2D5BCF74CFC80548BBC4D8d6CA1489E37e5Ec,3793.9999
0xa4C898cBDf1CAb06A5e8eEaa1f14C958534eB906,5122.472
0x526Af00dFD6c0bb9960827137b0CC9AC7A516bC0,3794.4237
0x4395A32BFf67555f186EC9d669AE53e68103D577,2529.6158
0x715f3c533Cf264215Ba8BE00838a053284351086,17707.3106
0x659fc8d910c75fF50b7786c72F8DE5131b753F2a,2529.6158
0x5ee2098180fc5f59b619467557D67aE3F150F694,2529.6158
0x25509BF3CDa920688cC475EA00e3dd39F6684035,2529.6158
0x50060fdAc9A4617Bf64a16d7Ab422EE439cd08F7,3414.9813
0x308c55Bf492976Dbb5198F361b10B37BCEE0B7CD,2529.6157
0xd36f2Cec818796E3c908713d070c91f8CdC05B26,2529.6158
0x9c25cBa43b7d54f24b7870b42C19e7581aA1aA91,10244.944
0x3543c9400b6999392a186CF1104b06B5dAa1eCc4,2529.6158
0x35EddEf91b198Fea8010c833FE1dc0c05AC8FcF9,2529.6158
0x6523BeECA2D802e4cdE252bB09cbFF1437318aC4,2529.6158
0xf0DfBea0916E8e825DDf949d72711C74f2158A73,2529.6158
0x1fd8B2bF031f3427843d70Cc1a1c7EE52c25f664,3794.4237
0xba57b489c8EB5cd1313e6A194a34060044d5981C,2529.6158
0xb189aAf5Cf8585c2d7B46aca812BbDBB4Cd1C7f0,3414.9813
0xBB5c46B14c9636D5d86b851D316fb14E9A9D86F7,2529.6158
0x49158bCAc09ACeeF8B4D1d16a4Dd29770c9eb9D0,7588.8474
0xA66A440CDD2157f4B0dd0bA138C4E89F8D0C8E0A,2526.288
0xC7DbcbF6200d52B2c50196c11960C9d392CDc07f,10244.944
0x10aBdE035a7D69c0863e2Ea7202Efc51946B4Ca6,2529.6158
0x03D044d4330F6a9417F102A6B027ABaa31ADC791,2529.6158
0x85AF39e7491b45136625a80A9D3C1F1DfD7DFd3E,23904.8693
0x909ef1150735E8CcE06d42b1bb4FDfE2855A1a39,3794.4237
0xd864c63A23f9c13c9D3E4D10631883B46caDd258,3794.4237
0xc5B9CAd835F5Dde39A664156845A6057D16F37F0,3414.9813
0x19C01E2e48A4c97c2F94335F08cFBf9E9e86C00b,3794.4237
0xDdf07e15A8ae1d821Bb1D58D52D07F5ac504046a,7588.8474
0xa6D0f2dDDF6BEc30320fd084fbb1D44f3B7B865c,7588.8474
0xcf001a50c6ba7D83d5B83DF59486AcA10db24D48,3794.4237
0xa519a1f4149F60afe1465a2Cde1a13624Ce732b4,2529.6158
0x508F016Bd1d2a136CD9e90cF7467469e406B0B07,2529.6158
0x7090E61E52A0210288a2866209f450D9e13338Cf,17707.3106
0xce4dA64706a2447f07D9882BF897698dBd36Cf90,3794.4237
0xF365Fcdf3e4B8D55D7B2B7DBf8a525eD2e48DcBA,2529.6158
0x32C09de5D0164FEB3e852e888525cd953C17902C,47809.7387
0xE52e4d3B9032905105f7fa7c9B6DDF8A161f4930,2529.6158
0xd17BA2b7bB9f4f2aeC3e7FB6e9916fdce74ABCEf,2529.6158
0x3717A5A2f138757eF82be6819D3Bec11f8804045,1707.4906
0x3C6CcADf395e7b27D88CAe9eF520843f14311387,7588.8474
0x339A25b5ff309fB84741a44bDBDfeCA990c8CFB5,2529.6158
0x5Be641Bb798c98b1a4F3049fB45057CFC1E8D480,3414.9813
0x063D757f7ADBa2B214129b0bE94Bb02f37fC6A24,2529.6158
0xdCf72f08D2FC0256108aa44d4f1b6f83f1B72211,2529.6158
0xD0FD569659aA72FF47271CD00a4cBA8241225A26,7588.8474
0x44db4c9fa2878ae3867BCe73c5bcFaf456c739fe,2529.6158
0x87C474a9Eb269899E20946A28A9ae4138eB1caD5,7588.8474
0x543A2A44498270927Ade9be493F25d5315AAbD70,3794.4237
0xCfdeb191ae76AFa1606fc38baC1db9c909D31cC8,2529.6158
0x583749B8cf0979BEE900775BE91E38d381797708,2529.6158
0x2EA5586B39371fF5327E2052b9Fd0484853877dd,7588.8474
0x6B2B6C9F8FFC582046c0348E2f450Ea1286c5382,1264.8079
0x9c5EE2359FeC3a3FE878d00AE1C4dF5A6EEa5FeD,2529.6158
0x2d18661859Ba73e02B238cf057c1ED1743964283,7588.8474
0xdfA824Fd61ecf73E0CC8a221a48f4978F974e27a,2529.6158
0x646c399ED09C16EFa6D53baE9d21a360E1805125,2529.6158
0x0A0F73b4Bc69cF6C7e515fcCb11a1E4897041E3E,2529.6158
0x474F92EB6E3E447A7fb27c01d0625DcF4cBb8646,2529.6158
0x86FD8eE2dCa533BcEf71B878A9b85B016486B8Dd,2529.6158
0x9689b5eB01e9fAB031233282Eb2a0b094046825B,2529.6158
0x2aDB3a0C1E0e8f19e045e78EBAba297f1573d9f3,3794.4237
0xb123dB2A01f4281AddC7B7B78E324D4345b4D918,3794.4237
0x1E8d9f46F1526d8f5640000c83a81b92578bb380,17707.3106
0x9FC3F7D27E18278E37aDf428384C1B2EeE04f81b,2153.8554
0x866Feb91e48D6825c9C293A1C8B76D94260a4d11,7588.8474
0xE9D7830136348DE84c7350236bD6Dde633c25Bb2,2631.55
0xDbD6331560B04129A49C543576aF80790a5889F3,3794.4237
0xBb324013Ba795f9fdCC9Ed87B02cd0C4ab71AFe3,2529.6158
0x75E9E5e9b4454AdAc6761a8FA7f5e9CAf115439D,2529.6158
0xF77e2ba57f09f0ab2331c323447Cc5C4e9D3137B,5122.472
0xdCFa4EDEa77996a2B3b356F09777Aae1fE4cCA0d,2529.6158
0x7671cc32412B0c47b7a8E07B7bf357F2B9b70cf2,2529.5999
0x76DC0FE6dAA0D07A5672f5784d00e52Aa7Eb4D28,2529.6158
0x84098ABe15A753Ee141217c3D74420869004fa9F,7588.8474
0x327e17107715d93ED95eC98336af1844f550ff6C,7588.8474
0x0B419042DBD49bDDCb4B1AC04D6adc79B070CF84,2529.6158
0x1e42D8FD00C533E9d59005c6fBD4A9440C7A00a3,3794.4237
0xE34B72a6EbD45dD0522b0f4993F1B0a446d0f9De,3794.4237
0x8Ff846049066443Db5c238490099b6E7889aF791,7588.8474
0x2893E85Bb3EA198dc8F2a1cC8199c5451355500B,2529.6158
0x506ed68871E440bb84063f3106DDd4aDf52AF685,2529.6158
0xa16c604966D47a627e48b6D1c87d5748E7f26Db9,2529.6158
0xd70F330967F6D7Df455a635b1af5D0aae36f694f,5122.472
0xbaa91B4cE7dEac713d13a692e7439578B9EcF1B2,2529.6158
0x209b1F122e4ED6CfD3A22E8e6dfe972488Af309c,7588.8474
0x192Ec06b76F51023BBf62654124023D59c62244B,2529.6158
0x0E21AF8338F8Ea20880CB831d8813C20b8806843,7588.8474
0x77D352647BD6054CE541Ee9c08f2830cf31b878f,3794.4237
0x2325323d727B55241232Afb9191DC7C7DEEa9A33,2529.6158
0x9e28d3B133D645337e5085C1665fd6F5A3f93cDD,3414.9813
0x33E596F653eFD9d4946069920892139e020fF86D,2529.6158
0x014578E883a091AEb56C7de6890A38b024F6DF44,1243.6902
0xE0919fc99F29ce7f5F91B81769fE45aC8680d6Ad,2529.6158
0x6d34421D3a80E1404E1ef12333c16bdbA2EdB743,7588.8474
0xF46B8b23997AEc45c1b787bcecdEc4e750552747,1707.4906
0x69De47f7742C07fCCDCD1dB25e98Fa7F493D70Ec,3794.4237
0x58db1b47AE071F0b4C884c691cBCff6542E5574b,1264.8079
0x5ECeFE83022eBaCEd04C3a807275f2d211680BbF,2528.9999
0x4Fe89f471633dF2731FFE4f2979F1dB554a6De44,7588.8474
0xAcF5c924Ca4a12E484254ddfb89a2E7a383014B5,2529.6158
0x5162cFe2a0fE15f5ABF47aC9417b8200Ec67ca5A,5122.472
0x8f6A6E43284cA55bf745e8771B85dC1db76f1133,17707.3106
0xef29613B1200d882D00D89ff6FD179497e50C9D4,10244.944
0x4c77440a95680017F8F90588c9138F9035Dd1CB1,2529.6158
0xb142F622E1940dC80eA2441B0fBEcEF32feB960F,2529.6158
0xa9382E09eEbbe26a9be9E96b30C827F593104b13,2529.6158
0x8E362Be3fd5f49F68620215351438EFa36e4B74a,2529.6158
0xcA069658E32D87b893cc7b4F1Bb9a06901C65410,35414.6212
0x34A8584c6494Ce5F6A60f004C5053063CC5D79fE,2529.6158
0x2526688b80483644951aBdd958d17D7093150620,2526.288
0x310f806e2d8CEC1d9B57B75364B3a882D3FC4016,23904.8693
0x309FA71AdF18ce18f04E855417A63Fb74EC5C2d3,7588.8474
0x30C8c66d77a259d3b53473dBDD38B57A7e772C4D,2529.6158
0xD661395b8C0E63A158E7Be98421F34686799cB4d,2529.6158
0x0027f25196ec15005AD03a227b00B66FE1987CB7,2529.6158
0xF5dD9545c9a188303eb7eFc18Bc9491035076c59,3414.9813
0xdfdC573824de16966460725a3BC30A9C8b3EC5b2,35414.6212
0x25eFEC1bABCeEb00f38a7304DA1dd1B2a406C674,27825.7738
0xBF7Ad99Ec478B5224cF8bcCfc0DdD1b654afb8C8,2529.6158
0x3AE5B4A34150BFbFd57D8d9095775a0d9ee64a7A,3414.9813
0x07225fB7cbaBd9C878254fCe2Aa8f8dD7e2DC90E,2631.55
0x5E95EeadC96AB20a3f1aF1808678598EE60973D0,2529.6158
0x0941Ae5A513CC77c99dF2b8f9F35281003d49510,7588.8474
0x2bbd8d92B874d045af240D46A90E149ce3e0c810,2529.6158
0xF9d82D019501c9Ad52275ADda41a9aAF5eA6FFF2,2529.6158
0x952b335b5C29aE17043Aa0eaf34C4bF5f8ea7423,10244.944
0x8CfD118C74bFAEce63C8229a169402A5D54F9A3D,3794.4237
0xf34ecab910C6FA8a86A01e336de65d3d57dCBa40,2529.6158
0x745cDe4F8f05CB3968D5C4BD8e69d616Db90aB2E,2631.55
0x153cd29597082C24cCd9e2554C2d359957cC8401,2526.288
0xf84b10FE1B05d79d60a9cFc0c0b0ABA366408f2b,7588.8474
0x929d846d641eB4a35aE7170AF9bebC8C1FE34cC5,3794.4237
0xf93Ed1027e490288E08F197C57f279175f139249,7588.8474
0x55159517bef97A2723b91A901dc561552AF0F7dF,2529.6158
0xB308F79f0812d16E119B70E8b8f27cDa70A0Fd9e,2529.6158
0xaeb83CF455aDD9FaDcDe369fcb1c7BefB4AF1634,2529.6158
0xf3A09E75762b21cC0A27836D7d427a217F9D12F6,3414.9813
0xE66FEFB574c85a639f966DDEB10757F9892D4a3A,3414.9813
0xEb88328eeA5796FA509FA3dE8B8A46a396968d45,3414.9813
0xE6A1253e743e040552196DCC504cCFADda15dc0D,35414.6212
0xFEE86ad5f76f546A870d93F44f080E67458B6402,3794.4237
0x8Fc87c199203332c1cc43430b9FaD2B1868E44D0,2529.6158
0xf9df4dBA4820c85b70e7948638b557ff8b18dB44,2529.6158
0x39167494acC2F2B64293aE36e91d615214Ba2724,2529.6158
0x618e0200Ed4f12aA816a609f39a22951a690f3B4,17707.3106
0xb70313F37207EE4a3226fa6073B940aA13c2Ad05,17706.9999
0x05732c914215C4704dC4A5Bcd143FA346aa3dfcf,7588.8474
0xfC08e121261efb47D40Eab6e0f187750CE549159,3794.4237
0xA2dCB52F5cF34a84A2eBFb7D937f7051ae4C697B,27825.7738
0x4bC7610Cc68C1647a3898273FD5c6Fada35231ec,2529.6158
0xb845E9251047fAB15774ED49463a649fddAB7ff2,2529.6158
0x4dD5E64c80e3aae810D085Efb0409bC8562C34C7,3794.4237
0x90fc7C4C84501989D9d39a55Ce53E9B3b4DCFcB9,3414.9813
0xB9CE2789DD6a83c9eEabB02D5d4270CCFE509299,2529.6158
0xeB22bc06d233B9422441586ECC050d4766Ace552,3414.9813
0x75C1F35A1F9be6B88037b9c39e67bec5D6AE7F5B,2529.6158
0x09092225ACeAE82093705a0E15CE4Ae63840579c,35414.6212
0x63B13DBEa969afdD81Fe724686E9cA9fA43e7F14,64884.6454
0x5f9E2E1cF035b52456511713BBEd839D510F794b,1707.4906
0xCb94EEBC4e72e8d1b9BF8CCc8C10C9081cE03CDc,2631.55
0xA9088D73426826429a00Ed3B3746A5006721268d,2529.6158
0x5572dE1e539271d22901333d68638bfADea80a08,3794.4237
0xA5E9180301e564e772ECE2CdC4d4667592f279CD,1917.4629
0x71149300C738cE8cA77570e9c55E4940996CFfCd,2529.6158
0x6531c84c3aA8879b7b2B2589C8435B42C15dD6F7,2529.6158
0x1D081FB612C3846efed38617443F495aEb7f623B,1707.4906
0x0a4DB2B4cbd1afD2055058f35ac09F8A8fD21fC0,2529.6158
0x22cC65BFd1e518ae2502b96Ef7C667A8444Bd612,35414.6212
0x0d6861D76Bb26648e84F27e24e4E53d954246104,2529.6158
0xC3573cCD9bF4F43e8A1a5350BCE70ad052fe136E,17707.3106
0x2b127Dab7233eCd0a47aA7485edb417bC779B56D,5122.472
0x437930E695b6894ee2e1dB44161D488b0A9B77A8,3794.4237
0xA8a0f26f537a75E29E42301358EeC413dA1c4967,47809.7387
0xEb82A077260611aB8A226b66cae8ACE887A5129e,2529.6158
0x62fd69069A0Dc390f0E1165EB8aA1dFB03f04F89,2529.6158
0x8447c0E82Eb848B797C05CcFEA8a57780C7fEA01,2529.6158
0xD62885F9899B317c4b1172218E39E4dF52cE6D85,48062.7003
0x54F8E0aecb0AA9827cb7B247E69Fc0201DAB12b3,5122.472
0x03eF36f3CFB34d574A7A1258C8F88fE162fF4d6E,2529.6158
0xfc6D2451716952705ca799E3A3085F0e442F369C,7588.0099
0x0b8fAc7f8CAe33CAbb523ec14260a2a8cbD8c179,3794.4237
0x6BeDEf80E12B846BaefF041AB6F8B03d15e3E5bC,2529.6158
0x380341D38Ae99B1fac49d06E5e38fc8c4f2D5049,2529.6158
0xb6884E897c34663da129aB9dd88Cef8e4A2B6059,3794.4237
0x99f399DA36D3EF05a8acB557370286C7A2573f0f,2529.0099
0x60eE1B20B1D1543bbF1FBcb6ABd4880426981FBf,2105.24
0x9446297e00e44Ee702033F4Bef5D64D02578F415,2529.6158
0x30e405b2603C98264541faFc3d0E00913a49c286,2529.6158
0xAF3947c015f96477321Bc52448F77F40f0501945,3414.9813
0xA12B26E34177623BDeE2c2c610AD0EA567636459,3794.4237
0xD5fe4F2C600c89a461c831E72233ab4082c3B213,7588.8474
0x7A2A33C547005f73EBB098595A05c57300342AC1,2529.6158
0x8C27D0C8d0f0e4152474ac2D4b1c49E0cd8c7F9b,7588.8474
0x391067518a7656B17CBE6Ca42d474eD16273A502,2940.3888
0x84C2cC4f373fC29c360841c061Dc76B92e328745,7588.8474
0x460788d9B42D6a680Ed2Dfe4314692c9F72B8EE8,7588.8474
0x2CEff41668a0e4a513b80EE3a7D9142099D6B285,2631.55
0x13a1D2daF71Cf6D488b81B71C72BbD9363C73C86,4820.5855
0x2A9C628F9B1b06a881407AE457Ffb0E51FB7E752,2529.6158
0x7a0fa104CCc5AFd50f7E7491AB14113C894B4aba,47809.7387
0xb7749554eDBB43f875A2a40452Db3fe5A9fd53D1,23904.8693
0x07A280e8a764B0cb493c7c5652Db248c828D2487,17707.3106
0x28aFDAa65B529fb53fdf8B73C78e8b66AB1824f1,2529.6158
0xe57Ee5efC349c91785987DD3A4955aEc7B24c2EE,27825.7738
0x96011bCDD4C7B3DD665e036Ea162C745A948dbCd,2529.6158
0xcDD2462Ab2850d731c6948C7A648D98E765CFD58,3794.4237
0x6FcC8E9af94d8fF19452aD0Df0AcF7FD710Fad73,2529.6158
0xe5Be78Ce3A0D4007661B3734d3Cb723F8FB3e871,7588.8474
0xAFD2787323fa5b864944F5d380c025f2d1D339d3,7588.8474
0x73e450A476980e7d39555641a13185E2E49Df278,2529.6158
0xFAcc745B8c4AedD2b45b6ae53A398D242887d9F7,2529.6158
0x5228d24306F348D6d2494687eE64eB31231F8993,3414.9813
0x6e4865338D1ABfdA8a57FB3442D5835A16F6aCBa,9841.997
0x8b72dd161E5a39Ea4CFF416710B9E57E0cBBd4ff,7588.8474
0xC3774c4f1f42B0404fF60960E96718ace29A5FFB,2529.6158
0x331F4a5b3A05567E57cC6e8e52344f6971Fe2f95,2529.6158
0x4E9df68C51fa4b7a9B16c00C04B9dF46156d8b3a,10244.944
0x6A76EBe9F75459846455a9a7c7D10E1eD4375322,7588.8474
0xfb8b1Ff3bc2167ca91d5e614146641A777B7D2d1,2631.55
0xF2a7594190D0A719F43bB79F90A45414282E0261,2105.24
0x01C3c8219E6aF0CfDB8AEa1a618f6bE701C9AB49,3414.9813
0x568D4cAB9a65Af12Df3d260C8B9Be3F225353939,35414.6212
0x89FD93Fd492496D46EDFc745880638aBc293846b,3794.4237
0x1EFc5c6FB862aB6dC55704130b7784ef973f1473,2529.6158
0x9AeFf3feAAc50007893C8aF19717EB1c1f2015C9,3414.9813
0x0caA435b9703e57eFdD007582c4f28eDaad080AD,2529.6158
0x85dF98c545dd1B42Bf7fe7ECc65C25672f2fC18e,17707.3106
0xF519A7FbFD6FcBdEE8b83afa92723Adcf9d0d0f6,7588.8474
0x94Bf914E9B5e80285477963D1C79d3BDEb6E0B71,2529.6158
0xC41a57BB170A7609969A699eaEB2641f37aa79cF,1578.93
0xf0D98f3c663e37227f9e3A1C371d20b03BFC2026,2529.6158
0xEB58135C175872aa757835C045f22b374b15e2C8,3414.9813
0x46589Dc0a2C6b38A0711ab0F5ea9b830B60cd86c,2529.6158
0xB8fD764a4C30d8e3319c64CfC29E85EDf3d4CDA1,2529.6158
0x6C218eD64F8c5B579723C40CB22f258B39703d75,7588.8474
0x0eE97380e1Bb78F30E0AF541A463D15FC0ebCDc1,2631.55
0xa420401783aedeC6325764636DD9d37cAB280617,2529.6158
0x51b1DA24A110d468214986793e430a85a1691DbE,3794.4237
0x55e62DB7d9C0860286D5C5af2FEEeD03911511ca,3414.9813
0x0b7C638496bea9a8E154962529Fe74Eef4340076,5122.472
0xA09870282F57FcEE81De14659590e1452b2FDDCB,2529.6158
0xFDd78cabfC6FEEE7502a7d7D0DE57eDD1750aeF9,7588.8474
0x0240F6B780CD4c5165e4E50421056DB98E21E33B,2631.55
0xE91873C3129dDcb918e5A33Ca1b2725873ccF7Ba,3414.9813
0xEB2f222856b7eE0FBb29053CD8987BEd8C09434e,2631.55
0xBCa2280c072846912dc23DdB71D19B89c3684C32,3413.1203
0x7b45d5919e4C3609125Db1c97F3cC982EB5cc51f,1707.4906
0x703c769d364D146BB5939D473C8E1Aa180B0591f,1707.4906
0x6276329bf39BE47FA67e814CefF78B8706Ba17BF,1707.4906
0x0f06f0D1f124c698837f341253932F03373Dc297,1707.4906
0x7442C8b61dB6c83D07a60f20aFE16CdceA8f893e,3414.9813
0x44ebE70A7a177D132fd0535c8733876d18072C57,1707.4906
0xae8dd5B3bf21a3215B8A3eDeBa2Ff6405d69f14d,3414.9813
0x1F40cdCe7B21879Da9b3CD32365F0c86E5743384,3414.9813
0xE57C2d78Df84C41b3A4a9F335550F69e10e10B19,1707.4906
0x5280537847c00723a2E710349390bFF199661Cd3,3414.9813
0x44f816e3835b1D18c86B7a595dAe43e2AFaAF744,1707.4906
0x6b6068035468618621703b5F82C5312eAffD2064,3414.9813
0x069C2CD9ba8B720267eB480B99046Ca22B7dcdd5,3414.9813
0x8e5a272A6dD06Aae82185E7CEe90Fb3c48735128,10244.944
0x350b4eDEC5a2657D119090687b6350305E14A251,1707.4906
0x2162F2e1bb4293654c1aaAb9C1995E06959c9f29,1707.4906
0xccbB032297Ee57E515bac3B3a68DD88eB86c752c,1707.4906
0x5D8327D4F1E07d527a439eaf854c23B1352DF22d,1707.4906
0xb61A34B239A9A6D6a56679c3304D5C697968DB2d,1707.4906
0x2A3ef4740654B0A5014F83E142f22740e5aF55fD,3117.5859
0x5D96EFDD35a2621f7299341A35bdB4c41FDE4807,3414.9813
0xc3DB1650d6D6aF53a9618C0FBc97d52ea23a686A,3414.9813
0x394851c0D0677B019D36eFA63c0C3432D583e5CD,1707.4906
0x5741779c5CeA0dcdaA1C8Dd8b9bCd1ba1ad56a38,5122.472
0xE33f758eDCeBb71dE409e9580469948Ff62f6884,1707.4906
0x1eD1A7F31f7671dC9F043BB8681b739F31Bbc151,1707.4906
0x33F659080330d565f16152E8ee6347Bc612ffE50,3414.9813
0x410031b034baa424abd750BC6E0096A6236C19e6,1707.4906
0x9785516d7E9406fAA7AF17f84d57A19ceC9cA408,3414.9813
0x2686CA73fE73DAcB5BE90089A3f3B02C8E8004dB,3414.9813
0x413AA30D1aE78d5A6cb8A649B93f61D2E586Ed1f,3414.9813
0x3FE929FAcefDD67eC26bf2cf1f77767a547b2298,3414.9813
0xcA4566309dBa5D6B31658eAb66B0aBd5AA11deb4,3414.9813
0x64Cb7FB5199c83A96210911653ed60dFe5F85Fa6,3414.9813
0x0f4898B6C7110227C6D52e0B15423789B45066a6,1684.192
0xBf6e5C9053a80c11bADD10F4087BC92d4a6200ed,3414.9813
0x054C950A46c720125554683227159CFe525D9dd9,3414.9813
0x2DC03Fe79f30c9633b9185ED723dE1B02b5d72D2,1707.4906
0xaA0dc16f7E07bAf7B1dF877281b8CB782ad37b0B,1707.4906
0x31Ba7d91016Db3C94aF948059FD45837b43c9AC1,1707.4906
0x38dbd9DC7D9ce3f992716be4600Dd443eb6c70f3,1707.4906
0x709f0Bf568a63ED28d72D342ebFDcb3b1c81E804,1707.4906
0xb823DECbA39F5Eb71116B3F8831a06F302E3eD16,1707.4906
0x1Af4F9455B51658be0E9675ae9a6E0B347A65D91,1707.4906
0x3ca7cB439B58A053Bf237076786a53Cd126a1b60,3414.9813
0xb4a68fE3b6Ba59e93753b450839c18cc1A964754,1707.4906
0xdC3be57060d297ba0bB8AB58751A850ccc9BD8eB,1707.4906
0xc68Cff5c2e33892233f920240234f3Ee298f2057,5122.472
0xF58e0E6c1124d6B16627A5Ab1C971F8E9F57e9e5,1707.4906
0xA7c551E54A7f9134dE8e66cF4C9A45F410CB4f15,1707.4906
0x540046065a9c7084b4D1eDb8Fb1EFf1f6ACd7871,3414.9813
0x90102e5E385d4Fc9d0F374B47352c0603823E017,1707.4906
0x9AEa522a4984C7dd21c0e3C25584F513bA02BA2c,1707.4906
0x3F51A98C068D08209979bbD082208CB36711CA4D,1707.4906
0x875b93EabDDE5B177C7277DA54F9E794cb274E30,3414.9813
0x6dbe580Db30f959D07bedD9cC6BF259bFC57E25a,1707.4906
0xF1D7561FDaa52e9bc783F4bdF88eAd334afA2dCe,3414.9813
0x32587287a10905Ba6E7b144bB9A364DcB7613CDC,1707.4906
0x535272aD36CfcEf42D06E794187c540aedC23373,3414.9813
0x1144375e7B9c355a1701d82f830A11248539cBCb,3414.9812
0xAaAa47A69AeecE0312a58B737890b5d1543c804e,3414.9813
0x60839dacaE2aFFE97b5F9F6FB06b0cD0dBC73698,3414.9813
0x1d198780f81f0D0130309086272333607112049D,3414.9813
0xE9C1ED14F40393c4C961A0FeFd113Aa84AE2a810,3414.9813
0xdd4536F67079E52337E3b780105E2a8c18F8121e,1707.4906
0x80B08d353B8a6F99FCC04D2bA0A8CC786BF80d96,3414.9813
0x1E596403EA087259DB70824cF7e490D4ccbA69eb,1707.4906
0xCEcFcc2fe61DE6870D2Df082656369Ce90AEe2e9,1707.4906
0x6b89dbA66E4a30a16637C04EB379fb56476F9936,1707.4906
0x0Ab23d8f15f02A552BE26df73684958Cb4040DDf,3414.9813
0x6B51d31b65A962A4c024bAB4948e29FF3c44cE02,1707.4906
0x75Aa246A3fF4154308A862511d1Dfed7681d6686,1707.4906
0xe11D51c2F5B47F97DdE6066443dfa4A1B0844ed5,1707.4906
0x2824AE812132fb82649fa34F34AEBa974f193935,3414.9813
0x593d9631f55B8a57Bf358f5e17A75a75f1b585D2,1707.4906
0x93c7aAa578d78CC5c6449523366d24269aCB7792,2692.5568
0x0b0D005f5810A35BF67158d060314f7b8EFb41D3,1707.4906
0x93cD97D75f67200d74fF11048B1bfF792D767365,3414.9813
0x6b6b36a65F63FC1eDE24F75295410c079458EEca,1707.4906
0x13aeDa26092F7A64f2d162d8c1D92f464fc717b9,3414.9813
0x7867Cd2c07EdFE98253541DA722A5c804c687bCf,1707.4906
0x25c567499642F3cA4d73de5E97789611663Ad59B,3414.9813
0x93b74c48f77F461FEe6a75b0166BA63178e0CE7e,1707.4906
0xf642f481f7D857E0e84ec7259A0B72aB03F595e8,1707.4906
0x418F6af876b3808E03b7ed10873d483af697913e,1707.4906
0x9165111A736c9b1D291c1Ee8d74a36CE896ae6a0,2894.705
0x933a490dD63B92205ED98e905Eb1174220415Eb8,1707.4906
0x3499c7e099D4f511180B6B4E164d8f6Bfe1a635F,3414.9813
0x4d9460F2836fB68a1A136D552209175cBBae9dD4,1707.4906
0x7345fdA062AD566ae26fAC62b5fB9F42D2E37521,1707.4906
0xA5CDAD51aa5683d3006B8B606b7Ede5a2f51e5B2,2766.2414
0x4FB854da18fe29c075f20167D1114445DEE04169,442.9999
0xc7CD73aa780A8ab50c524701bfA19892388A10A2,3414.9813
0x604ac3aDa3bf2052bd55E4379bfD250Ce4B3AA0C,3414.9813
0xac50016706f49bdDFAE90B9FD6104D314952A68b,2499.6846
0x67283ebbC132B4F90977eCc384530cd5742FE468,1707.4906
0x73450211FD363a3Ec6C2b53f22b73f11a0C44178,883.9999
0x393244E9Af364Bb73d411dd53BEf6D95fb3B9A30,3414.9813
0x35C61F6Ca474aa18d46738117395634A31555624,3414.9813
0xEE57003a784029Ee9dAE27d15f12b3193Af44AD5,3414.9813
0x7E2AeEa84a4b351E915d1c8fFa2B60daE7eF6A86,1707.4906
0x15ab9f6E3aa5f69Ac287132c81036F829561e034,1707.4906
0x898509a27996E70121D4fa1667d9e365442b3462,1707.4906
0x05A6A9A08fF28ebD99B9BAc4913B2Eb67C845d69,2774.2667
0xC2D91a7BD9AF4dBA58E1902C208C7C6006d9d1db,1707.4906
0xfF858eF35aB8EdFe1EfD607B25f1F10863339fDC,3414.9813
0xf21ee00544375Ba1E437793e58304Bd4204f23AF,8732.353
0xE5C6283D75496f2018Ac57f6096f1f8AD4c53885,1052.62
0xbbF44385aa2628456B118947198eeCbc61c4507b,1707.4906
0xcb4d5E7026C3F86348C80D918bA9E511295399f1,1707.4906
0x20CB6Ae10D7C23986D525C767AD4b39D4dFDf32d,3414.9813
0x546CfA72B8fB842dC6BF105DE52e8634DF91F5AD,2529.6158
0x23513778D741D10315f0E76cDc710C11196076de,1707.4906
0xB8232cBFf21F63E80248e554a8cDb614084FFDe3,3414.9813
0xBEAc618e593Dc157F40bbbfa56d18a03866124B9,1707.4906
0xA8729fa390cB28c1719Fc7A9CC7D6D4072E653d3,1707.4906
0x85d1982Ae21E257B49759A534F2678e48D63116c,1707.4906
0x65f875C073e95e43683EEDE48cAF7A8dd9688ec6,1707.4906
0xa82Aa32F3Ff1b1215d04efE3a3cB6c69FEf771c4,3414.9813
0x8867a46d1DC2DB384aa8af8315b0693D1F256115,3414.9813
0xf82f1ac9Af47f86A02D0Ac67B489E59c41D385b4,1707.4906
0x91D8B0Ce373D73f044574336B2C02C243F78a662,9.9999
0xe2dc5D08d4F8e0Ec5bBe84E3700D2F1900d333cb,15.6927